"Variation #","Message"
1,"Assalam-o-Alaikum,

Dear Client,
Tax Year 2026 ki Tax Return filing open ho gayi hai. Hum chahte hain ke aap ki Tax Return starting mein hi file kar di jaye, taake tamam details ko properly check kiya ja sake.
Tax policies mein bhi kaafi changes aa gaye hain, aur late filing par individual ke liye Rs. 25,000 tak ka penalty ho sakta hai.
Is liye behtar hai ke hum aap ki Tax Return 2026 ki filing abhi kar dein.

Regards,
Salah Ud Din Siddiqui
📞 0317-5211546
C/O Ehtasham Ud Din Siddiqui
📞 0336-0015004
brandex.pk"
2,"Assalam-o-Alaikum,

Dear Client,
Tax Year 2026 ki Tax Return filing open ho gayi hai. Hum chahte hain ke aap ki Tax Return starting mein hi file kar di jaye, taake tamam details ko properly check kiya ja sake.
Tax policies mein bhi kaafi changes aa gaye hain, aur late filing par individual ke liye Rs. 25,000 tak ka penalty ho sakta hai.
Is liye behtar hai ke hum aap ki Tax Return 2026 ki filing abhi kar dein.

Shukriya,
Salah Ud Din Siddiqui
📞 0317-5211546
C/O Ehtasham Ud Din Siddiqui
📞 0336-0015004
brandex.pk"
3,"Assalam-o-Alaikum,

Dear Client,
Tax Year 2026 ki Tax Return filing open ho gayi hai. Hum chahte hain ke aap ki Tax Return starting mein hi file kar di jaye, taake tamam details ko properly check kiya ja sake.
Tax policies mein bhi kaafi changes aa gaye hain, aur late filing par individual ke liye Rs. 25,000 tak ka penalty ho sakta hai.
Is liye behtar hai ke hum aap ki Tax Return 2026 ki filing abhi kar dein.

JazakAllah Khair,
Salah Ud Din Siddiqui
📞 0317-5211546
C/O Ehtasham Ud Din Siddiqui
📞 0336-0015004
brandex.pk"
4,"Assalam-o-Alaikum,

Dear Client,
Tax Year 2026 ki Tax Return filing open ho gayi hai. Hum chahte hain ke aap ki Tax Return starting mein hi file kar di jaye, taake tamam details ko properly check kiya ja sake.
Tax policies mein bhi kaafi changes aa gaye hain, aur late filing par individual ke liye Rs. 25,000 tak ka penalty ho sakta hai.
Is liye behtar hai ke hum aap ki Tax Return 2026 ki filing abhi kar dein.

Shukriya aur Dua Guzar,
Salah Ud Din Siddiqui
📞 0317-5211546
C/O Ehtasham Ud Din Siddiqui
📞 0336-0015004
brandex.pk"
5,"Assalam-o-Alaikum,

Dear Client,
Tax Year 2026 ki Tax Return filing open ho gayi hai. Hum chahte hain ke aap ki Tax Return starting mein hi file kar di jaye, taake tamam details ko properly check kiya ja sake.
Tax policies mein bhi kaafi changes aa gaye hain, aur late filing par individual ke liye Rs. 25,000 tak ka penalty ho sakta hai.
Is liye behtar hai ke hum aap ki Tax Return 2026 ki filing abhi kar dein.

Mumnan,
Salah Ud Din Siddiqui
📞 0317-5211546
C/O Ehtasham Ud Din Siddiqui
📞 0336-0015004
brandex.pk"
6,"Assalam-o-Alaikum,

Dear Client,
Tax Year 2026 ki Tax Return filing open ho gayi hai. Hum chahte hain ke aap ki Tax Return starting mein hi file kar di jaye, taake tamam details ko properly check kiya ja sake.
Tax policies mein bhi kaafi changes aa gaye hain, aur late filing par individual ke liye Rs. 25,000 tak ka penalty ho sakta hai.
Is liye behtar hai ke hum aap ki Tax Return 2026 ki filing abhi kar dein.

Khuda Hafiz,
Salah Ud Din Siddiqui
📞 0317-5211546
C/O Ehtasham Ud Din Siddiqui
📞 0336-0015004
brandex.pk"
7,"Assalam-o-Alaikum,

Dear Client,
Tax Year 2026 ki Tax Return filing open ho gayi hai. Hum chahte hain ke aap ki Tax Return starting mein hi file kar di jaye, taake tamam details ko properly check kiya ja sake.
Tax policies mein bhi kaafi changes aa gaye hain, aur late filing par individual ke liye Rs. 25,000 tak ka penalty ho sakta hai.
Aaj hi apni Tax Return 2026 file karwayein aur fikar se azad ho jayein.

Regards,
Salah Ud Din Siddiqui
📞 0317-5211546
C/O Ehtasham Ud Din Siddiqui
📞 0336-0015004
brandex.pk"
8,"Assalam-o-Alaikum,

Dear Client,
Tax Year 2026 ki Tax Return filing open ho gayi hai. Hum chahte hain ke aap ki Tax Return starting mein hi file kar di jaye, taake tamam details ko properly check kiya ja sake.
Tax policies mein bhi kaafi changes aa gaye hain, aur late filing par individual ke liye Rs. 25,000 tak ka penalty ho sakta hai.
Aaj hi apni Tax Return 2026 file karwayein aur fikar se azad ho jayein.

Shukriya,
Salah Ud Din Siddiqui
📞 0317-5211546
C/O Ehtasham Ud Din Siddiqui
📞 0336-0015004
brandex.pk"
9,"Assalam-o-Alaikum,

Dear Client,
Tax Year 2026 ki Tax Return filing open ho gayi hai. Hum chahte hain ke aap ki Tax Return starting mein hi file kar di jaye, taake tamam details ko properly check kiya ja sake.
Tax policies mein bhi kaafi changes aa gaye hain, aur late filing par individual ke liye Rs. 25,000 tak ka penalty ho sakta hai.
Aaj hi apni Tax Return 2026 file karwayein aur fikar se azad ho jayein.

JazakAllah Khair,
Salah Ud Din Siddiqui
📞 0317-5211546
C/O Ehtasham Ud Din Siddiqui
📞 0336-0015004
brandex.pk"
10,"Assalam-o-Alaikum,

Dear Client,
Tax Year 2026 ki Tax Return filing open ho gayi hai. Hum chahte hain ke aap ki Tax Return starting mein hi file kar di jaye, taake tamam details ko properly check kiya ja sake.
Tax policies mein bhi kaafi changes aa gaye hain, aur late filing par individual ke liye Rs. 25,000 tak ka penalty ho sakta hai.
Aaj hi apni Tax Return 2026 file karwayein aur fikar se azad ho jayein.

Shukriya aur Dua Guzar,
Salah Ud Din Siddiqui
📞 0317-5211546
C/O Ehtasham Ud Din Siddiqui
📞 0336-0015004
brandex.pk"
11,"Assalam-o-Alaikum,

Dear Client,
Tax Year 2026 ki Tax Return filing open ho gayi hai. Hum chahte hain ke aap ki Tax Return starting mein hi file kar di jaye, taake tamam details ko properly check kiya ja sake.
Tax policies mein bhi kaafi changes aa gaye hain, aur late filing par individual ke liye Rs. 25,000 tak ka penalty ho sakta hai.
Aaj hi apni Tax Return 2026 file karwayein aur fikar se azad ho jayein.

Mumnan,
Salah Ud Din Siddiqui
📞 0317-5211546
C/O Ehtasham Ud Din Siddiqui
📞 0336-0015004
brandex.pk"
12,"Assalam-o-Alaikum,

Dear Client,
Tax Year 2026 ki Tax Return filing open ho gayi hai. Hum chahte hain ke aap ki Tax Return starting mein hi file kar di jaye, taake tamam details ko properly check kiya ja sake.
Tax policies mein bhi kaafi changes aa gaye hain, aur late filing par individual ke liye Rs. 25,000 tak ka penalty ho sakta hai.
Aaj hi apni Tax Return 2026 file karwayein aur fikar se azad ho jayein.

Khuda Hafiz,
Salah Ud Din Siddiqui
📞 0317-5211546
C/O Ehtasham Ud Din Siddiqui
📞 0336-0015004
brandex.pk"
13,"Assalam-o-Alaikum,

Dear Client,
Tax Year 2026 ki Tax Return filing open ho gayi hai. Hum chahte hain ke aap ki Tax Return starting mein hi file kar di jaye, taake tamam details ko properly check kiya ja sake.
Tax policies mein bhi kaafi changes aa gaye hain, aur late filing par individual ke liye Rs. 25,000 tak ka penalty ho sakta hai.
Isliye hum aap se guzarish karte hain ke filing mein der na karein.

Regards,
Salah Ud Din Siddiqui
📞 0317-5211546
C/O Ehtasham Ud Din Siddiqui
📞 0336-0015004
brandex.pk"
14,"Assalam-o-Alaikum,

Dear Client,
Tax Year 2026 ki Tax Return filing open ho gayi hai. Hum chahte hain ke aap ki Tax Return starting mein hi file kar di jaye, taake tamam details ko properly check kiya ja sake.
Tax policies mein bhi kaafi changes aa gaye hain, aur late filing par individual ke liye Rs. 25,000 tak ka penalty ho sakta hai.
Isliye hum aap se guzarish karte hain ke filing mein der na karein.

Shukriya,
Salah Ud Din Siddiqui
📞 0317-5211546
C/O Ehtasham Ud Din Siddiqui
📞 0336-0015004
brandex.pk"
15,"Assalam-o-Alaikum,

Dear Client,
Tax Year 2026 ki Tax Return filing open ho gayi hai. Hum chahte hain ke aap ki Tax Return starting mein hi file kar di jaye, taake tamam details ko properly check kiya ja sake.
Tax policies mein bhi kaafi changes aa gaye hain, aur late filing par individual ke liye Rs. 25,000 tak ka penalty ho sakta hai.
Isliye hum aap se guzarish karte hain ke filing mein der na karein.

JazakAllah Khair,
Salah Ud Din Siddiqui
📞 0317-5211546
C/O Ehtasham Ud Din Siddiqui
📞 0336-0015004
brandex.pk"
16,"Assalam-o-Alaikum,

Dear Client,
Tax Year 2026 ki Tax Return filing open ho gayi hai. Hum chahte hain ke aap ki Tax Return starting mein hi file kar di jaye, taake tamam details ko properly check kiya ja sake.
Tax policies mein bhi kaafi changes aa gaye hain, aur late filing par individual ke liye Rs. 25,000 tak ka penalty ho sakta hai.
Isliye hum aap se guzarish karte hain ke filing mein der na karein.

Shukriya aur Dua Guzar,
Salah Ud Din Siddiqui
📞 0317-5211546
C/O Ehtasham Ud Din Siddiqui
📞 0336-0015004
brandex.pk"
17,"Assalam-o-Alaikum,

Dear Client,
Tax Year 2026 ki Tax Return filing open ho gayi hai. Hum chahte hain ke aap ki Tax Return starting mein hi file kar di jaye, taake tamam details ko properly check kiya ja sake.
Tax policies mein bhi kaafi changes aa gaye hain, aur late filing par individual ke liye Rs. 25,000 tak ka penalty ho sakta hai.
Isliye hum aap se guzarish karte hain ke filing mein der na karein.

Mumnan,
Salah Ud Din Siddiqui
📞 0317-5211546
C/O Ehtasham Ud Din Siddiqui
📞 0336-0015004
brandex.pk"
18,"Assalam-o-Alaikum,

Dear Client,
Tax Year 2026 ki Tax Return filing open ho gayi hai. Hum chahte hain ke aap ki Tax Return starting mein hi file kar di jaye, taake tamam details ko properly check kiya ja sake.
Tax policies mein bhi kaafi changes aa gaye hain, aur late filing par individual ke liye Rs. 25,000 tak ka penalty ho sakta hai.
Isliye hum aap se guzarish karte hain ke filing mein der na karein.

Khuda Hafiz,
Salah Ud Din Siddiqui
📞 0317-5211546
C/O Ehtasham Ud Din Siddiqui
📞 0336-0015004
brandex.pk"
19,"Assalam-o-Alaikum,

Dear Client,
Tax Year 2026 ki Tax Return filing open ho gayi hai. Hum chahte hain ke aap ki Tax Return starting mein hi file kar di jaye, taake tamam details ko properly check kiya ja sake.
Tax policies mein bhi kaafi changes aa gaye hain, aur late filing par individual ke liye Rs. 25,000 tak ka penalty ho sakta hai.
Hum aap ki madad ke liye tayar hain — abhi batayein aur return file kar dete hain.

Regards,
Salah Ud Din Siddiqui
📞 0317-5211546
C/O Ehtasham Ud Din Siddiqui
📞 0336-0015004
brandex.pk"
20,"Assalam-o-Alaikum,

Dear Client,
Tax Year 2026 ki Tax Return filing open ho gayi hai. Hum chahte hain ke aap ki Tax Return starting mein hi file kar di jaye, taake tamam details ko properly check kiya ja sake.
Tax policies mein bhi kaafi changes aa gaye hain, aur late filing par individual ke liye Rs. 25,000 tak ka penalty ho sakta hai.
Hum aap ki madad ke liye tayar hain — abhi batayein aur return file kar dete hain.

Shukriya,
Salah Ud Din Siddiqui
📞 0317-5211546
C/O Ehtasham Ud Din Siddiqui
📞 0336-0015004
brandex.pk"
21,"Assalam-o-Alaikum,

Dear Client,
Tax Year 2026 ki Tax Return filing open ho gayi hai. Hum chahte hain ke aap ki Tax Return starting mein hi file kar di jaye, taake tamam details ko properly check kiya ja sake.
Tax policies mein bhi kaafi changes aa gaye hain, aur late filing par individual ke liye Rs. 25,000 tak ka penalty ho sakta hai.
Hum aap ki madad ke liye tayar hain — abhi batayein aur return file kar dete hain.

JazakAllah Khair,
Salah Ud Din Siddiqui
📞 0317-5211546
C/O Ehtasham Ud Din Siddiqui
📞 0336-0015004
brandex.pk"
22,"Assalam-o-Alaikum,

Dear Client,
Tax Year 2026 ki Tax Return filing open ho gayi hai. Hum chahte hain ke aap ki Tax Return starting mein hi file kar di jaye, taake tamam details ko properly check kiya ja sake.
Tax policies mein bhi kaafi changes aa gaye hain, aur late filing par individual ke liye Rs. 25,000 tak ka penalty ho sakta hai.
Hum aap ki madad ke liye tayar hain — abhi batayein aur return file kar dete hain.

Shukriya aur Dua Guzar,
Salah Ud Din Siddiqui
📞 0317-5211546
C/O Ehtasham Ud Din Siddiqui
📞 0336-0015004
brandex.pk"
23,"Assalam-o-Alaikum,

Dear Client,
Tax Year 2026 ki Tax Return filing open ho gayi hai. Hum chahte hain ke aap ki Tax Return starting mein hi file kar di jaye, taake tamam details ko properly check kiya ja sake.
Tax policies mein bhi kaafi changes aa gaye hain, aur late filing par individual ke liye Rs. 25,000 tak ka penalty ho sakta hai.
Hum aap ki madad ke liye tayar hain — abhi batayein aur return file kar dete hain.

Mumnan,
Salah Ud Din Siddiqui
📞 0317-5211546
C/O Ehtasham Ud Din Siddiqui
📞 0336-0015004
brandex.pk"
24,"Assalam-o-Alaikum,

Dear Client,
Tax Year 2026 ki Tax Return filing open ho gayi hai. Hum chahte hain ke aap ki Tax Return starting mein hi file kar di jaye, taake tamam details ko properly check kiya ja sake.
Tax policies mein bhi kaafi changes aa gaye hain, aur late filing par individual ke liye Rs. 25,000 tak ka penalty ho sakta hai.
Hum aap ki madad ke liye tayar hain — abhi batayein aur return file kar dete hain.

Khuda Hafiz,
Salah Ud Din Siddiqui
📞 0317-5211546
C/O Ehtasham Ud Din Siddiqui
📞 0336-0015004
brandex.pk"
25,"Assalam-o-Alaikum,

Dear Client,
Tax Year 2026 ki Tax Return filing open ho gayi hai. Hum chahte hain ke aap ki Tax Return starting mein hi file kar di jaye, taake tamam details ko properly check kiya ja sake.
Tax policies mein bhi kaafi changes aa gaye hain, aur late filing par individual ke liye Rs. 25,000 tak ka penalty ho sakta hai.
Behtar yahi hoga ke hum abhi filing complete kar lein, taake baad mein koi tension na ho.

Regards,
Salah Ud Din Siddiqui
📞 0317-5211546
C/O Ehtasham Ud Din Siddiqui
📞 0336-0015004
brandex.pk"
26,"Assalam-o-Alaikum,

Dear Client,
Tax Year 2026 ki Tax Return filing open ho gayi hai. Hum chahte hain ke aap ki Tax Return starting mein hi file kar di jaye, taake tamam details ko properly check kiya ja sake.
Tax policies mein bhi kaafi changes aa gaye hain, aur late filing par individual ke liye Rs. 25,000 tak ka penalty ho sakta hai.
Behtar yahi hoga ke hum abhi filing complete kar lein, taake baad mein koi tension na ho.

Shukriya,
Salah Ud Din Siddiqui
📞 0317-5211546
C/O Ehtasham Ud Din Siddiqui
📞 0336-0015004
brandex.pk"
27,"Assalam-o-Alaikum,

Dear Client,
Tax Year 2026 ki Tax Return filing open ho gayi hai. Hum chahte hain ke aap ki Tax Return starting mein hi file kar di jaye, taake tamam details ko properly check kiya ja sake.
Tax policies mein bhi kaafi changes aa gaye hain, aur late filing par individual ke liye Rs. 25,000 tak ka penalty ho sakta hai.
Behtar yahi hoga ke hum abhi filing complete kar lein, taake baad mein koi tension na ho.

JazakAllah Khair,
Salah Ud Din Siddiqui
📞 0317-5211546
C/O Ehtasham Ud Din Siddiqui
📞 0336-0015004
brandex.pk"
28,"Assalam-o-Alaikum,

Dear Client,
Tax Year 2026 ki Tax Return filing open ho gayi hai. Hum chahte hain ke aap ki Tax Return starting mein hi file kar di jaye, taake tamam details ko properly check kiya ja sake.
Tax policies mein bhi kaafi changes aa gaye hain, aur late filing par individual ke liye Rs. 25,000 tak ka penalty ho sakta hai.
Behtar yahi hoga ke hum abhi filing complete kar lein, taake baad mein koi tension na ho.

Shukriya aur Dua Guzar,
Salah Ud Din Siddiqui
📞 0317-5211546
C/O Ehtasham Ud Din Siddiqui
📞 0336-0015004
brandex.pk"
29,"Assalam-o-Alaikum,

Dear Client,
Tax Year 2026 ki Tax Return filing open ho gayi hai. Hum chahte hain ke aap ki Tax Return starting mein hi file kar di jaye, taake tamam details ko properly check kiya ja sake.
Tax policies mein bhi kaafi changes aa gaye hain, aur late filing par individual ke liye Rs. 25,000 tak ka penalty ho sakta hai.
Behtar yahi hoga ke hum abhi filing complete kar lein, taake baad mein koi tension na ho.

Mumnan,
Salah Ud Din Siddiqui
📞 0317-5211546
C/O Ehtasham Ud Din Siddiqui
📞 0336-0015004
brandex.pk"
30,"Assalam-o-Alaikum,

Dear Client,
Tax Year 2026 ki Tax Return filing open ho gayi hai. Hum chahte hain ke aap ki Tax Return starting mein hi file kar di jaye, taake tamam details ko properly check kiya ja sake.
Tax policies mein bhi kaafi changes aa gaye hain, aur late filing par individual ke liye Rs. 25,000 tak ka penalty ho sakta hai.
Behtar yahi hoga ke hum abhi filing complete kar lein, taake baad mein koi tension na ho.

Khuda Hafiz,
Salah Ud Din Siddiqui
📞 0317-5211546
C/O Ehtasham Ud Din Siddiqui
📞 0336-0015004
brandex.pk"
31,"Assalam-o-Alaikum,

Dear Client,
Tax Year 2026 ki Tax Return filing open ho gayi hai. Hum chahte hain ke aap ki Tax Return starting mein hi file kar di jaye, taake tamam details ko properly check kiya ja sake.
Tax policies mein bhi kaafi changes aa gaye hain, aur late filing par individual ke liye Rs. 25,000 tak ka penalty ho sakta hai.
Apni Tax Return 2026 jaldi file karwa lein — hum poori madad karenge.

Regards,
Salah Ud Din Siddiqui
📞 0317-5211546
C/O Ehtasham Ud Din Siddiqui
📞 0336-0015004
brandex.pk"
32,"Assalam-o-Alaikum,

Dear Client,
Tax Year 2026 ki Tax Return filing open ho gayi hai. Hum chahte hain ke aap ki Tax Return starting mein hi file kar di jaye, taake tamam details ko properly check kiya ja sake.
Tax policies mein bhi kaafi changes aa gaye hain, aur late filing par individual ke liye Rs. 25,000 tak ka penalty ho sakta hai.
Apni Tax Return 2026 jaldi file karwa lein — hum poori madad karenge.

Shukriya,
Salah Ud Din Siddiqui
📞 0317-5211546
C/O Ehtasham Ud Din Siddiqui
📞 0336-0015004
brandex.pk"
33,"Assalam-o-Alaikum,

Dear Client,
Tax Year 2026 ki Tax Return filing open ho gayi hai. Hum chahte hain ke aap ki Tax Return starting mein hi file kar di jaye, taake tamam details ko properly check kiya ja sake.
Tax policies mein bhi kaafi changes aa gaye hain, aur late filing par individual ke liye Rs. 25,000 tak ka penalty ho sakta hai.
Apni Tax Return 2026 jaldi file karwa lein — hum poori madad karenge.

JazakAllah Khair,
Salah Ud Din Siddiqui
📞 0317-5211546
C/O Ehtasham Ud Din Siddiqui
📞 0336-0015004
brandex.pk"
34,"Assalam-o-Alaikum,

Dear Client,
Tax Year 2026 ki Tax Return filing open ho gayi hai. Hum chahte hain ke aap ki Tax Return starting mein hi file kar di jaye, taake tamam details ko properly check kiya ja sake.
Tax policies mein bhi kaafi changes aa gaye hain, aur late filing par individual ke liye Rs. 25,000 tak ka penalty ho sakta hai.
Apni Tax Return 2026 jaldi file karwa lein — hum poori madad karenge.

Shukriya aur Dua Guzar,
Salah Ud Din Siddiqui
📞 0317-5211546
C/O Ehtasham Ud Din Siddiqui
📞 0336-0015004
brandex.pk"
35,"Assalam-o-Alaikum,

Dear Client,
Tax Year 2026 ki Tax Return filing open ho gayi hai. Hum chahte hain ke aap ki Tax Return starting mein hi file kar di jaye, taake tamam details ko properly check kiya ja sake.
Tax policies mein bhi kaafi changes aa gaye hain, aur late filing par individual ke liye Rs. 25,000 tak ka penalty ho sakta hai.
Apni Tax Return 2026 jaldi file karwa lein — hum poori madad karenge.

Mumnan,
Salah Ud Din Siddiqui
📞 0317-5211546
C/O Ehtasham Ud Din Siddiqui
📞 0336-0015004
brandex.pk"
36,"Assalam-o-Alaikum,

Dear Client,
Tax Year 2026 ki Tax Return filing open ho gayi hai. Hum chahte hain ke aap ki Tax Return starting mein hi file kar di jaye, taake tamam details ko properly check kiya ja sake.
Tax policies mein bhi kaafi changes aa gaye hain, aur late filing par individual ke liye Rs. 25,000 tak ka penalty ho sakta hai.
Apni Tax Return 2026 jaldi file karwa lein — hum poori madad karenge.

Khuda Hafiz,
Salah Ud Din Siddiqui
📞 0317-5211546
C/O Ehtasham Ud Din Siddiqui
📞 0336-0015004
brandex.pk"
37,"Assalam-o-Alaikum,

Dear Client,
Tax Year 2026 ki Tax Return filing open ho gayi hai. Hum chahte hain ke aap ki Tax Return starting mein hi file kar di jaye, taake tamam details ko properly check kiya ja sake.
Tax policies mein bhi kaafi changes aa gaye hain, aur late filing par individual ke liye Rs. 25,000 tak ka penalty ho sakta hai.
Please jald se jald humse rabta karein taake aap ki return time par file ho sake.

Regards,
Salah Ud Din Siddiqui
📞 0317-5211546
C/O Ehtasham Ud Din Siddiqui
📞 0336-0015004
brandex.pk"
38,"Assalam-o-Alaikum,

Dear Client,
Tax Year 2026 ki Tax Return filing open ho gayi hai. Hum chahte hain ke aap ki Tax Return starting mein hi file kar di jaye, taake tamam details ko properly check kiya ja sake.
Tax policies mein bhi kaafi changes aa gaye hain, aur late filing par individual ke liye Rs. 25,000 tak ka penalty ho sakta hai.
Please jald se jald humse rabta karein taake aap ki return time par file ho sake.

Shukriya,
Salah Ud Din Siddiqui
📞 0317-5211546
C/O Ehtasham Ud Din Siddiqui
📞 0336-0015004
brandex.pk"
39,"Assalam-o-Alaikum,

Dear Client,
Tax Year 2026 ki Tax Return filing open ho gayi hai. Hum chahte hain ke aap ki Tax Return starting mein hi file kar di jaye, taake tamam details ko properly check kiya ja sake.
Tax policies mein bhi kaafi changes aa gaye hain, aur late filing par individual ke liye Rs. 25,000 tak ka penalty ho sakta hai.
Please jald se jald humse rabta karein taake aap ki return time par file ho sake.

JazakAllah Khair,
Salah Ud Din Siddiqui
📞 0317-5211546
C/O Ehtasham Ud Din Siddiqui
📞 0336-0015004
brandex.pk"
40,"Assalam-o-Alaikum,

Dear Client,
Tax Year 2026 ki Tax Return filing open ho gayi hai. Hum chahte hain ke aap ki Tax Return starting mein hi file kar di jaye, taake tamam details ko properly check kiya ja sake.
Tax policies mein bhi kaafi changes aa gaye hain, aur late filing par individual ke liye Rs. 25,000 tak ka penalty ho sakta hai.
Please jald se jald humse rabta karein taake aap ki return time par file ho sake.

Shukriya aur Dua Guzar,
Salah Ud Din Siddiqui
📞 0317-5211546
C/O Ehtasham Ud Din Siddiqui
📞 0336-0015004
brandex.pk"
41,"Assalam-o-Alaikum,

Dear Client,
Tax Year 2026 ki Tax Return filing open ho gayi hai. Hum chahte hain ke aap ki Tax Return starting mein hi file kar di jaye, taake tamam details ko properly check kiya ja sake.
Tax policies mein bhi kaafi changes aa gaye hain, aur late filing par individual ke liye Rs. 25,000 tak ka penalty ho sakta hai.
Please jald se jald humse rabta karein taake aap ki return time par file ho sake.

Mumnan,
Salah Ud Din Siddiqui
📞 0317-5211546
C/O Ehtasham Ud Din Siddiqui
📞 0336-0015004
brandex.pk"
42,"Assalam-o-Alaikum,

Dear Client,
Tax Year 2026 ki Tax Return filing open ho gayi hai. Hum chahte hain ke aap ki Tax Return starting mein hi file kar di jaye, taake tamam details ko properly check kiya ja sake.
Tax policies mein bhi kaafi changes aa gaye hain, aur late filing par individual ke liye Rs. 25,000 tak ka penalty ho sakta hai.
Please jald se jald humse rabta karein taake aap ki return time par file ho sake.

Khuda Hafiz,
Salah Ud Din Siddiqui
📞 0317-5211546
C/O Ehtasham Ud Din Siddiqui
📞 0336-0015004
brandex.pk"
43,"Assalam-o-Alaikum,

Dear Client,
Tax Year 2026 ki Tax Return filing open ho gayi hai. Hum chahte hain ke aap ki Tax Return starting mein hi file kar di jaye, taake tamam details ko properly check kiya ja sake.
Tax policies mein bhi kaafi changes aa gaye hain, aur late filing par individual ke liye Rs. 25,000 tak ka penalty ho sakta hai.
Hum aap ki service ke liye available hain — abhi contact karein aur filing complete karein.

Regards,
Salah Ud Din Siddiqui
📞 0317-5211546
C/O Ehtasham Ud Din Siddiqui
📞 0336-0015004
brandex.pk"
44,"Assalam-o-Alaikum,

Dear Client,
Tax Year 2026 ki Tax Return filing open ho gayi hai. Hum chahte hain ke aap ki Tax Return starting mein hi file kar di jaye, taake tamam details ko properly check kiya ja sake.
Tax policies mein bhi kaafi changes aa gaye hain, aur late filing par individual ke liye Rs. 25,000 tak ka penalty ho sakta hai.
Hum aap ki service ke liye available hain — abhi contact karein aur filing complete karein.

Shukriya,
Salah Ud Din Siddiqui
📞 0317-5211546
C/O Ehtasham Ud Din Siddiqui
📞 0336-0015004
brandex.pk"
45,"Assalam-o-Alaikum,

Dear Client,
Tax Year 2026 ki Tax Return filing open ho gayi hai. Hum chahte hain ke aap ki Tax Return starting mein hi file kar di jaye, taake tamam details ko properly check kiya ja sake.
Tax policies mein bhi kaafi changes aa gaye hain, aur late filing par individual ke liye Rs. 25,000 tak ka penalty ho sakta hai.
Hum aap ki service ke liye available hain — abhi contact karein aur filing complete karein.

JazakAllah Khair,
Salah Ud Din Siddiqui
📞 0317-5211546
C/O Ehtasham Ud Din Siddiqui
📞 0336-0015004
brandex.pk"
46,"Assalam-o-Alaikum,

Dear Client,
Tax Year 2026 ki Tax Return filing open ho gayi hai. Hum chahte hain ke aap ki Tax Return starting mein hi file kar di jaye, taake tamam details ko properly check kiya ja sake.
Tax policies mein bhi kaafi changes aa gaye hain, aur late filing par individual ke liye Rs. 25,000 tak ka penalty ho sakta hai.
Hum aap ki service ke liye available hain — abhi contact karein aur filing complete karein.

Shukriya aur Dua Guzar,
Salah Ud Din Siddiqui
📞 0317-5211546
C/O Ehtasham Ud Din Siddiqui
📞 0336-0015004
brandex.pk"
47,"Assalam-o-Alaikum,

Dear Client,
Tax Year 2026 ki Tax Return filing open ho gayi hai. Hum chahte hain ke aap ki Tax Return starting mein hi file kar di jaye, taake tamam details ko properly check kiya ja sake.
Tax policies mein bhi kaafi changes aa gaye hain, aur late filing par individual ke liye Rs. 25,000 tak ka penalty ho sakta hai.
Hum aap ki service ke liye available hain — abhi contact karein aur filing complete karein.

Mumnan,
Salah Ud Din Siddiqui
📞 0317-5211546
C/O Ehtasham Ud Din Siddiqui
📞 0336-0015004
brandex.pk"
48,"Assalam-o-Alaikum,

Dear Client,
Tax Year 2026 ki Tax Return filing open ho gayi hai. Hum chahte hain ke aap ki Tax Return starting mein hi file kar di jaye, taake tamam details ko properly check kiya ja sake.
Tax policies mein bhi kaafi changes aa gaye hain, aur late filing par individual ke liye Rs. 25,000 tak ka penalty ho sakta hai.
Hum aap ki service ke liye available hain — abhi contact karein aur filing complete karein.

Khuda Hafiz,
Salah Ud Din Siddiqui
📞 0317-5211546
C/O Ehtasham Ud Din Siddiqui
📞 0336-0015004
brandex.pk"
49,"Assalam-o-Alaikum,

Dear Client,
Tax Year 2026 ki Tax Return filing open ho gayi hai. Hum chahte hain ke aap ki Tax Return starting mein hi file kar di jaye, taake tamam details ko properly check kiya ja sake.
Tax policies mein bhi kaafi changes aa gaye hain, aur late filing par individual ke liye Rs. 25,000 tak ka penalty ho sakta hai.
Der na karein, hum se rabta karein aur apni Tax Return 2026 abhi file karwa lein.

Regards,
Salah Ud Din Siddiqui
📞 0317-5211546
C/O Ehtasham Ud Din Siddiqui
📞 0336-0015004
brandex.pk"
50,"Assalam-o-Alaikum,

Dear Client,
Tax Year 2026 ki Tax Return filing open ho gayi hai. Hum chahte hain ke aap ki Tax Return starting mein hi file kar di jaye, taake tamam details ko properly check kiya ja sake.
Tax policies mein bhi kaafi changes aa gaye hain, aur late filing par individual ke liye Rs. 25,000 tak ka penalty ho sakta hai.
Der na karein, hum se rabta karein aur apni Tax Return 2026 abhi file karwa lein.

Shukriya,
Salah Ud Din Siddiqui
📞 0317-5211546
C/O Ehtasham Ud Din Siddiqui
📞 0336-0015004
brandex.pk"
51,"Assalam-o-Alaikum,

Dear Client,
Tax Year 2026 ki Tax Return filing open ho gayi hai. Hum chahte hain ke aap ki Tax Return starting mein hi file kar di jaye, taake tamam details ko properly check kiya ja sake.
Tax policies mein bhi kaafi changes aa gaye hain, aur late filing par individual ke liye Rs. 25,000 tak ka penalty ho sakta hai.
Der na karein, hum se rabta karein aur apni Tax Return 2026 abhi file karwa lein.

JazakAllah Khair,
Salah Ud Din Siddiqui
📞 0317-5211546
C/O Ehtasham Ud Din Siddiqui
📞 0336-0015004
brandex.pk"
52,"Assalam-o-Alaikum,

Dear Client,
Tax Year 2026 ki Tax Return filing open ho gayi hai. Hum chahte hain ke aap ki Tax Return starting mein hi file kar di jaye, taake tamam details ko properly check kiya ja sake.
Tax policies mein bhi kaafi changes aa gaye hain, aur late filing par individual ke liye Rs. 25,000 tak ka penalty ho sakta hai.
Der na karein, hum se rabta karein aur apni Tax Return 2026 abhi file karwa lein.

Shukriya aur Dua Guzar,
Salah Ud Din Siddiqui
📞 0317-5211546
C/O Ehtasham Ud Din Siddiqui
📞 0336-0015004
brandex.pk"
53,"Assalam-o-Alaikum,

Dear Client,
Tax Year 2026 ki Tax Return filing open ho gayi hai. Hum chahte hain ke aap ki Tax Return starting mein hi file kar di jaye, taake tamam details ko properly check kiya ja sake.
Tax policies mein bhi kaafi changes aa gaye hain, aur late filing par individual ke liye Rs. 25,000 tak ka penalty ho sakta hai.
Der na karein, hum se rabta karein aur apni Tax Return 2026 abhi file karwa lein.

Mumnan,
Salah Ud Din Siddiqui
📞 0317-5211546
C/O Ehtasham Ud Din Siddiqui
📞 0336-0015004
brandex.pk"
54,"Assalam-o-Alaikum,

Dear Client,
Tax Year 2026 ki Tax Return filing open ho gayi hai. Hum chahte hain ke aap ki Tax Return starting mein hi file kar di jaye, taake tamam details ko properly check kiya ja sake.
Tax policies mein bhi kaafi changes aa gaye hain, aur late filing par individual ke liye Rs. 25,000 tak ka penalty ho sakta hai.
Der na karein, hum se rabta karein aur apni Tax Return 2026 abhi file karwa lein.

Khuda Hafiz,
Salah Ud Din Siddiqui
📞 0317-5211546
C/O Ehtasham Ud Din Siddiqui
📞 0336-0015004
brandex.pk"
55,"Assalam-o-Alaikum,

Dear Client,
Tax Year 2026 ki Tax Return filing open ho gayi hai. Hum chahte hain ke aap ki Tax Return starting mein hi file kar di jaye, taake tamam details ko properly check kiya ja sake.
Is saal Tax policies mein significant tabdeeliyan aai hain — late filing par Rs. 25,000 tak ka jurmana lag sakta hai.
Is liye behtar hai ke hum aap ki Tax Return 2026 ki filing abhi kar dein.

Regards,
Salah Ud Din Siddiqui
📞 0317-5211546
C/O Ehtasham Ud Din Siddiqui
📞 0336-0015004
brandex.pk"
56,"Assalam-o-Alaikum,

Dear Client,
Tax Year 2026 ki Tax Return filing open ho gayi hai. Hum chahte hain ke aap ki Tax Return starting mein hi file kar di jaye, taake tamam details ko properly check kiya ja sake.
Is saal Tax policies mein significant tabdeeliyan aai hain — late filing par Rs. 25,000 tak ka jurmana lag sakta hai.
Is liye behtar hai ke hum aap ki Tax Return 2026 ki filing abhi kar dein.

Shukriya,
Salah Ud Din Siddiqui
📞 0317-5211546
C/O Ehtasham Ud Din Siddiqui
📞 0336-0015004
brandex.pk"
57,"Assalam-o-Alaikum,

Dear Client,
Tax Year 2026 ki Tax Return filing open ho gayi hai. Hum chahte hain ke aap ki Tax Return starting mein hi file kar di jaye, taake tamam details ko properly check kiya ja sake.
Is saal Tax policies mein significant tabdeeliyan aai hain — late filing par Rs. 25,000 tak ka jurmana lag sakta hai.
Is liye behtar hai ke hum aap ki Tax Return 2026 ki filing abhi kar dein.

JazakAllah Khair,
Salah Ud Din Siddiqui
📞 0317-5211546
C/O Ehtasham Ud Din Siddiqui
📞 0336-0015004
brandex.pk"
58,"Assalam-o-Alaikum,

Dear Client,
Tax Year 2026 ki Tax Return filing open ho gayi hai. Hum chahte hain ke aap ki Tax Return starting mein hi file kar di jaye, taake tamam details ko properly check kiya ja sake.
Is saal Tax policies mein significant tabdeeliyan aai hain — late filing par Rs. 25,000 tak ka jurmana lag sakta hai.
Is liye behtar hai ke hum aap ki Tax Return 2026 ki filing abhi kar dein.

Shukriya aur Dua Guzar,
Salah Ud Din Siddiqui
📞 0317-5211546
C/O Ehtasham Ud Din Siddiqui
📞 0336-0015004
brandex.pk"
59,"Assalam-o-Alaikum,

Dear Client,
Tax Year 2026 ki Tax Return filing open ho gayi hai. Hum chahte hain ke aap ki Tax Return starting mein hi file kar di jaye, taake tamam details ko properly check kiya ja sake.
Is saal Tax policies mein significant tabdeeliyan aai hain — late filing par Rs. 25,000 tak ka jurmana lag sakta hai.
Is liye behtar hai ke hum aap ki Tax Return 2026 ki filing abhi kar dein.

Mumnan,
Salah Ud Din Siddiqui
📞 0317-5211546
C/O Ehtasham Ud Din Siddiqui
📞 0336-0015004
brandex.pk"
60,"Assalam-o-Alaikum,

Dear Client,
Tax Year 2026 ki Tax Return filing open ho gayi hai. Hum chahte hain ke aap ki Tax Return starting mein hi file kar di jaye, taake tamam details ko properly check kiya ja sake.
Is saal Tax policies mein significant tabdeeliyan aai hain — late filing par Rs. 25,000 tak ka jurmana lag sakta hai.
Is liye behtar hai ke hum aap ki Tax Return 2026 ki filing abhi kar dein.

Khuda Hafiz,
Salah Ud Din Siddiqui
📞 0317-5211546
C/O Ehtasham Ud Din Siddiqui
📞 0336-0015004
brandex.pk"
61,"Assalam-o-Alaikum,

Dear Client,
Tax Year 2026 ki Tax Return filing open ho gayi hai. Hum chahte hain ke aap ki Tax Return starting mein hi file kar di jaye, taake tamam details ko properly check kiya ja sake.
Is saal Tax policies mein significant tabdeeliyan aai hain — late filing par Rs. 25,000 tak ka jurmana lag sakta hai.
Aaj hi apni Tax Return 2026 file karwayein aur fikar se azad ho jayein.

Regards,
Salah Ud Din Siddiqui
📞 0317-5211546
C/O Ehtasham Ud Din Siddiqui
📞 0336-0015004
brandex.pk"
62,"Assalam-o-Alaikum,

Dear Client,
Tax Year 2026 ki Tax Return filing open ho gayi hai. Hum chahte hain ke aap ki Tax Return starting mein hi file kar di jaye, taake tamam details ko properly check kiya ja sake.
Is saal Tax policies mein significant tabdeeliyan aai hain — late filing par Rs. 25,000 tak ka jurmana lag sakta hai.
Aaj hi apni Tax Return 2026 file karwayein aur fikar se azad ho jayein.

Shukriya,
Salah Ud Din Siddiqui
📞 0317-5211546
C/O Ehtasham Ud Din Siddiqui
📞 0336-0015004
brandex.pk"
63,"Assalam-o-Alaikum,

Dear Client,
Tax Year 2026 ki Tax Return filing open ho gayi hai. Hum chahte hain ke aap ki Tax Return starting mein hi file kar di jaye, taake tamam details ko properly check kiya ja sake.
Is saal Tax policies mein significant tabdeeliyan aai hain — late filing par Rs. 25,000 tak ka jurmana lag sakta hai.
Aaj hi apni Tax Return 2026 file karwayein aur fikar se azad ho jayein.

JazakAllah Khair,
Salah Ud Din Siddiqui
📞 0317-5211546
C/O Ehtasham Ud Din Siddiqui
📞 0336-0015004
brandex.pk"
64,"Assalam-o-Alaikum,

Dear Client,
Tax Year 2026 ki Tax Return filing open ho gayi hai. Hum chahte hain ke aap ki Tax Return starting mein hi file kar di jaye, taake tamam details ko properly check kiya ja sake.
Is saal Tax policies mein significant tabdeeliyan aai hain — late filing par Rs. 25,000 tak ka jurmana lag sakta hai.
Aaj hi apni Tax Return 2026 file karwayein aur fikar se azad ho jayein.

Shukriya aur Dua Guzar,
Salah Ud Din Siddiqui
📞 0317-5211546
C/O Ehtasham Ud Din Siddiqui
📞 0336-0015004
brandex.pk"
65,"Assalam-o-Alaikum,

Dear Client,
Tax Year 2026 ki Tax Return filing open ho gayi hai. Hum chahte hain ke aap ki Tax Return starting mein hi file kar di jaye, taake tamam details ko properly check kiya ja sake.
Is saal Tax policies mein significant tabdeeliyan aai hain — late filing par Rs. 25,000 tak ka jurmana lag sakta hai.
Aaj hi apni Tax Return 2026 file karwayein aur fikar se azad ho jayein.

Mumnan,
Salah Ud Din Siddiqui
📞 0317-5211546
C/O Ehtasham Ud Din Siddiqui
📞 0336-0015004
brandex.pk"
66,"Assalam-o-Alaikum,

Dear Client,
Tax Year 2026 ki Tax Return filing open ho gayi hai. Hum chahte hain ke aap ki Tax Return starting mein hi file kar di jaye, taake tamam details ko properly check kiya ja sake.
Is saal Tax policies mein significant tabdeeliyan aai hain — late filing par Rs. 25,000 tak ka jurmana lag sakta hai.
Aaj hi apni Tax Return 2026 file karwayein aur fikar se azad ho jayein.

Khuda Hafiz,
Salah Ud Din Siddiqui
📞 0317-5211546
C/O Ehtasham Ud Din Siddiqui
📞 0336-0015004
brandex.pk"
67,"Assalam-o-Alaikum,

Dear Client,
Tax Year 2026 ki Tax Return filing open ho gayi hai. Hum chahte hain ke aap ki Tax Return starting mein hi file kar di jaye, taake tamam details ko properly check kiya ja sake.
Is saal Tax policies mein significant tabdeeliyan aai hain — late filing par Rs. 25,000 tak ka jurmana lag sakta hai.
Isliye hum aap se guzarish karte hain ke filing mein der na karein.

Regards,
Salah Ud Din Siddiqui
📞 0317-5211546
C/O Ehtasham Ud Din Siddiqui
📞 0336-0015004
brandex.pk"
68,"Assalam-o-Alaikum,

Dear Client,
Tax Year 2026 ki Tax Return filing open ho gayi hai. Hum chahte hain ke aap ki Tax Return starting mein hi file kar di jaye, taake tamam details ko properly check kiya ja sake.
Is saal Tax policies mein significant tabdeeliyan aai hain — late filing par Rs. 25,000 tak ka jurmana lag sakta hai.
Isliye hum aap se guzarish karte hain ke filing mein der na karein.

Shukriya,
Salah Ud Din Siddiqui
📞 0317-5211546
C/O Ehtasham Ud Din Siddiqui
📞 0336-0015004
brandex.pk"
69,"Assalam-o-Alaikum,

Dear Client,
Tax Year 2026 ki Tax Return filing open ho gayi hai. Hum chahte hain ke aap ki Tax Return starting mein hi file kar di jaye, taake tamam details ko properly check kiya ja sake.
Is saal Tax policies mein significant tabdeeliyan aai hain — late filing par Rs. 25,000 tak ka jurmana lag sakta hai.
Isliye hum aap se guzarish karte hain ke filing mein der na karein.

JazakAllah Khair,
Salah Ud Din Siddiqui
📞 0317-5211546
C/O Ehtasham Ud Din Siddiqui
📞 0336-0015004
brandex.pk"
70,"Assalam-o-Alaikum,

Dear Client,
Tax Year 2026 ki Tax Return filing open ho gayi hai. Hum chahte hain ke aap ki Tax Return starting mein hi file kar di jaye, taake tamam details ko properly check kiya ja sake.
Is saal Tax policies mein significant tabdeeliyan aai hain — late filing par Rs. 25,000 tak ka jurmana lag sakta hai.
Isliye hum aap se guzarish karte hain ke filing mein der na karein.

Shukriya aur Dua Guzar,
Salah Ud Din Siddiqui
📞 0317-5211546
C/O Ehtasham Ud Din Siddiqui
📞 0336-0015004
brandex.pk"
71,"Assalam-o-Alaikum,

Dear Client,
Tax Year 2026 ki Tax Return filing open ho gayi hai. Hum chahte hain ke aap ki Tax Return starting mein hi file kar di jaye, taake tamam details ko properly check kiya ja sake.
Is saal Tax policies mein significant tabdeeliyan aai hain — late filing par Rs. 25,000 tak ka jurmana lag sakta hai.
Isliye hum aap se guzarish karte hain ke filing mein der na karein.

Mumnan,
Salah Ud Din Siddiqui
📞 0317-5211546
C/O Ehtasham Ud Din Siddiqui
📞 0336-0015004
brandex.pk"
72,"Assalam-o-Alaikum,

Dear Client,
Tax Year 2026 ki Tax Return filing open ho gayi hai. Hum chahte hain ke aap ki Tax Return starting mein hi file kar di jaye, taake tamam details ko properly check kiya ja sake.
Is saal Tax policies mein significant tabdeeliyan aai hain — late filing par Rs. 25,000 tak ka jurmana lag sakta hai.
Isliye hum aap se guzarish karte hain ke filing mein der na karein.

Khuda Hafiz,
Salah Ud Din Siddiqui
📞 0317-5211546
C/O Ehtasham Ud Din Siddiqui
📞 0336-0015004
brandex.pk"
73,"Assalam-o-Alaikum,

Dear Client,
Tax Year 2026 ki Tax Return filing open ho gayi hai. Hum chahte hain ke aap ki Tax Return starting mein hi file kar di jaye, taake tamam details ko properly check kiya ja sake.
Is saal Tax policies mein significant tabdeeliyan aai hain — late filing par Rs. 25,000 tak ka jurmana lag sakta hai.
Hum aap ki madad ke liye tayar hain — abhi batayein aur return file kar dete hain.

Regards,
Salah Ud Din Siddiqui
📞 0317-5211546
C/O Ehtasham Ud Din Siddiqui
📞 0336-0015004
brandex.pk"
74,"Assalam-o-Alaikum,

Dear Client,
Tax Year 2026 ki Tax Return filing open ho gayi hai. Hum chahte hain ke aap ki Tax Return starting mein hi file kar di jaye, taake tamam details ko properly check kiya ja sake.
Is saal Tax policies mein significant tabdeeliyan aai hain — late filing par Rs. 25,000 tak ka jurmana lag sakta hai.
Hum aap ki madad ke liye tayar hain — abhi batayein aur return file kar dete hain.

Shukriya,
Salah Ud Din Siddiqui
📞 0317-5211546
C/O Ehtasham Ud Din Siddiqui
📞 0336-0015004
brandex.pk"
75,"Assalam-o-Alaikum,

Dear Client,
Tax Year 2026 ki Tax Return filing open ho gayi hai. Hum chahte hain ke aap ki Tax Return starting mein hi file kar di jaye, taake tamam details ko properly check kiya ja sake.
Is saal Tax policies mein significant tabdeeliyan aai hain — late filing par Rs. 25,000 tak ka jurmana lag sakta hai.
Hum aap ki madad ke liye tayar hain — abhi batayein aur return file kar dete hain.

JazakAllah Khair,
Salah Ud Din Siddiqui
📞 0317-5211546
C/O Ehtasham Ud Din Siddiqui
📞 0336-0015004
brandex.pk"
76,"Assalam-o-Alaikum,

Dear Client,
Tax Year 2026 ki Tax Return filing open ho gayi hai. Hum chahte hain ke aap ki Tax Return starting mein hi file kar di jaye, taake tamam details ko properly check kiya ja sake.
Is saal Tax policies mein significant tabdeeliyan aai hain — late filing par Rs. 25,000 tak ka jurmana lag sakta hai.
Hum aap ki madad ke liye tayar hain — abhi batayein aur return file kar dete hain.

Shukriya aur Dua Guzar,
Salah Ud Din Siddiqui
📞 0317-5211546
C/O Ehtasham Ud Din Siddiqui
📞 0336-0015004
brandex.pk"
77,"Assalam-o-Alaikum,

Dear Client,
Tax Year 2026 ki Tax Return filing open ho gayi hai. Hum chahte hain ke aap ki Tax Return starting mein hi file kar di jaye, taake tamam details ko properly check kiya ja sake.
Is saal Tax policies mein significant tabdeeliyan aai hain — late filing par Rs. 25,000 tak ka jurmana lag sakta hai.
Hum aap ki madad ke liye tayar hain — abhi batayein aur return file kar dete hain.

Mumnan,
Salah Ud Din Siddiqui
📞 0317-5211546
C/O Ehtasham Ud Din Siddiqui
📞 0336-0015004
brandex.pk"
78,"Assalam-o-Alaikum,

Dear Client,
Tax Year 2026 ki Tax Return filing open ho gayi hai. Hum chahte hain ke aap ki Tax Return starting mein hi file kar di jaye, taake tamam details ko properly check kiya ja sake.
Is saal Tax policies mein significant tabdeeliyan aai hain — late filing par Rs. 25,000 tak ka jurmana lag sakta hai.
Hum aap ki madad ke liye tayar hain — abhi batayein aur return file kar dete hain.

Khuda Hafiz,
Salah Ud Din Siddiqui
📞 0317-5211546
C/O Ehtasham Ud Din Siddiqui
📞 0336-0015004
brandex.pk"
79,"Assalam-o-Alaikum,

Dear Client,
Tax Year 2026 ki Tax Return filing open ho gayi hai. Hum chahte hain ke aap ki Tax Return starting mein hi file kar di jaye, taake tamam details ko properly check kiya ja sake.
Is saal Tax policies mein significant tabdeeliyan aai hain — late filing par Rs. 25,000 tak ka jurmana lag sakta hai.
Behtar yahi hoga ke hum abhi filing complete kar lein, taake baad mein koi tension na ho.

Regards,
Salah Ud Din Siddiqui
📞 0317-5211546
C/O Ehtasham Ud Din Siddiqui
📞 0336-0015004
brandex.pk"
80,"Assalam-o-Alaikum,

Dear Client,
Tax Year 2026 ki Tax Return filing open ho gayi hai. Hum chahte hain ke aap ki Tax Return starting mein hi file kar di jaye, taake tamam details ko properly check kiya ja sake.
Is saal Tax policies mein significant tabdeeliyan aai hain — late filing par Rs. 25,000 tak ka jurmana lag sakta hai.
Behtar yahi hoga ke hum abhi filing complete kar lein, taake baad mein koi tension na ho.

Shukriya,
Salah Ud Din Siddiqui
📞 0317-5211546
C/O Ehtasham Ud Din Siddiqui
📞 0336-0015004
brandex.pk"
81,"Assalam-o-Alaikum,

Dear Client,
Tax Year 2026 ki Tax Return filing open ho gayi hai. Hum chahte hain ke aap ki Tax Return starting mein hi file kar di jaye, taake tamam details ko properly check kiya ja sake.
Is saal Tax policies mein significant tabdeeliyan aai hain — late filing par Rs. 25,000 tak ka jurmana lag sakta hai.
Behtar yahi hoga ke hum abhi filing complete kar lein, taake baad mein koi tension na ho.

JazakAllah Khair,
Salah Ud Din Siddiqui
📞 0317-5211546
C/O Ehtasham Ud Din Siddiqui
📞 0336-0015004
brandex.pk"
82,"Assalam-o-Alaikum,

Dear Client,
Tax Year 2026 ki Tax Return filing open ho gayi hai. Hum chahte hain ke aap ki Tax Return starting mein hi file kar di jaye, taake tamam details ko properly check kiya ja sake.
Is saal Tax policies mein significant tabdeeliyan aai hain — late filing par Rs. 25,000 tak ka jurmana lag sakta hai.
Behtar yahi hoga ke hum abhi filing complete kar lein, taake baad mein koi tension na ho.

Shukriya aur Dua Guzar,
Salah Ud Din Siddiqui
📞 0317-5211546
C/O Ehtasham Ud Din Siddiqui
📞 0336-0015004
brandex.pk"
83,"Assalam-o-Alaikum,

Dear Client,
Tax Year 2026 ki Tax Return filing open ho gayi hai. Hum chahte hain ke aap ki Tax Return starting mein hi file kar di jaye, taake tamam details ko properly check kiya ja sake.
Is saal Tax policies mein significant tabdeeliyan aai hain — late filing par Rs. 25,000 tak ka jurmana lag sakta hai.
Behtar yahi hoga ke hum abhi filing complete kar lein, taake baad mein koi tension na ho.

Mumnan,
Salah Ud Din Siddiqui
📞 0317-5211546
C/O Ehtasham Ud Din Siddiqui
📞 0336-0015004
brandex.pk"
84,"Assalam-o-Alaikum,

Dear Client,
Tax Year 2026 ki Tax Return filing open ho gayi hai. Hum chahte hain ke aap ki Tax Return starting mein hi file kar di jaye, taake tamam details ko properly check kiya ja sake.
Is saal Tax policies mein significant tabdeeliyan aai hain — late filing par Rs. 25,000 tak ka jurmana lag sakta hai.
Behtar yahi hoga ke hum abhi filing complete kar lein, taake baad mein koi tension na ho.

Khuda Hafiz,
Salah Ud Din Siddiqui
📞 0317-5211546
C/O Ehtasham Ud Din Siddiqui
📞 0336-0015004
brandex.pk"
85,"Assalam-o-Alaikum,

Dear Client,
Tax Year 2026 ki Tax Return filing open ho gayi hai. Hum chahte hain ke aap ki Tax Return starting mein hi file kar di jaye, taake tamam details ko properly check kiya ja sake.
Is saal Tax policies mein significant tabdeeliyan aai hain — late filing par Rs. 25,000 tak ka jurmana lag sakta hai.
Apni Tax Return 2026 jaldi file karwa lein — hum poori madad karenge.

Regards,
Salah Ud Din Siddiqui
📞 0317-5211546
C/O Ehtasham Ud Din Siddiqui
📞 0336-0015004
brandex.pk"
86,"Assalam-o-Alaikum,

Dear Client,
Tax Year 2026 ki Tax Return filing open ho gayi hai. Hum chahte hain ke aap ki Tax Return starting mein hi file kar di jaye, taake tamam details ko properly check kiya ja sake.
Is saal Tax policies mein significant tabdeeliyan aai hain — late filing par Rs. 25,000 tak ka jurmana lag sakta hai.
Apni Tax Return 2026 jaldi file karwa lein — hum poori madad karenge.

Shukriya,
Salah Ud Din Siddiqui
📞 0317-5211546
C/O Ehtasham Ud Din Siddiqui
📞 0336-0015004
brandex.pk"
87,"Assalam-o-Alaikum,

Dear Client,
Tax Year 2026 ki Tax Return filing open ho gayi hai. Hum chahte hain ke aap ki Tax Return starting mein hi file kar di jaye, taake tamam details ko properly check kiya ja sake.
Is saal Tax policies mein significant tabdeeliyan aai hain — late filing par Rs. 25,000 tak ka jurmana lag sakta hai.
Apni Tax Return 2026 jaldi file karwa lein — hum poori madad karenge.

JazakAllah Khair,
Salah Ud Din Siddiqui
📞 0317-5211546
C/O Ehtasham Ud Din Siddiqui
📞 0336-0015004
brandex.pk"
88,"Assalam-o-Alaikum,

Dear Client,
Tax Year 2026 ki Tax Return filing open ho gayi hai. Hum chahte hain ke aap ki Tax Return starting mein hi file kar di jaye, taake tamam details ko properly check kiya ja sake.
Is saal Tax policies mein significant tabdeeliyan aai hain — late filing par Rs. 25,000 tak ka jurmana lag sakta hai.
Apni Tax Return 2026 jaldi file karwa lein — hum poori madad karenge.

Shukriya aur Dua Guzar,
Salah Ud Din Siddiqui
📞 0317-5211546
C/O Ehtasham Ud Din Siddiqui
📞 0336-0015004
brandex.pk"
89,"Assalam-o-Alaikum,

Dear Client,
Tax Year 2026 ki Tax Return filing open ho gayi hai. Hum chahte hain ke aap ki Tax Return starting mein hi file kar di jaye, taake tamam details ko properly check kiya ja sake.
Is saal Tax policies mein significant tabdeeliyan aai hain — late filing par Rs. 25,000 tak ka jurmana lag sakta hai.
Apni Tax Return 2026 jaldi file karwa lein — hum poori madad karenge.

Mumnan,
Salah Ud Din Siddiqui
📞 0317-5211546
C/O Ehtasham Ud Din Siddiqui
📞 0336-0015004
brandex.pk"
90,"Assalam-o-Alaikum,

Dear Client,
Tax Year 2026 ki Tax Return filing open ho gayi hai. Hum chahte hain ke aap ki Tax Return starting mein hi file kar di jaye, taake tamam details ko properly check kiya ja sake.
Is saal Tax policies mein significant tabdeeliyan aai hain — late filing par Rs. 25,000 tak ka jurmana lag sakta hai.
Apni Tax Return 2026 jaldi file karwa lein — hum poori madad karenge.

Khuda Hafiz,
Salah Ud Din Siddiqui
📞 0317-5211546
C/O Ehtasham Ud Din Siddiqui
📞 0336-0015004
brandex.pk"
91,"Assalam-o-Alaikum,

Dear Client,
Tax Year 2026 ki Tax Return filing open ho gayi hai. Hum chahte hain ke aap ki Tax Return starting mein hi file kar di jaye, taake tamam details ko properly check kiya ja sake.
Is saal Tax policies mein significant tabdeeliyan aai hain — late filing par Rs. 25,000 tak ka jurmana lag sakta hai.
Please jald se jald humse rabta karein taake aap ki return time par file ho sake.

Regards,
Salah Ud Din Siddiqui
📞 0317-5211546
C/O Ehtasham Ud Din Siddiqui
📞 0336-0015004
brandex.pk"
92,"Assalam-o-Alaikum,

Dear Client,
Tax Year 2026 ki Tax Return filing open ho gayi hai. Hum chahte hain ke aap ki Tax Return starting mein hi file kar di jaye, taake tamam details ko properly check kiya ja sake.
Is saal Tax policies mein significant tabdeeliyan aai hain — late filing par Rs. 25,000 tak ka jurmana lag sakta hai.
Please jald se jald humse rabta karein taake aap ki return time par file ho sake.

Shukriya,
Salah Ud Din Siddiqui
📞 0317-5211546
C/O Ehtasham Ud Din Siddiqui
📞 0336-0015004
brandex.pk"
93,"Assalam-o-Alaikum,

Dear Client,
Tax Year 2026 ki Tax Return filing open ho gayi hai. Hum chahte hain ke aap ki Tax Return starting mein hi file kar di jaye, taake tamam details ko properly check kiya ja sake.
Is saal Tax policies mein significant tabdeeliyan aai hain — late filing par Rs. 25,000 tak ka jurmana lag sakta hai.
Please jald se jald humse rabta karein taake aap ki return time par file ho sake.

JazakAllah Khair,
Salah Ud Din Siddiqui
📞 0317-5211546
C/O Ehtasham Ud Din Siddiqui
📞 0336-0015004
brandex.pk"
94,"Assalam-o-Alaikum,

Dear Client,
Tax Year 2026 ki Tax Return filing open ho gayi hai. Hum chahte hain ke aap ki Tax Return starting mein hi file kar di jaye, taake tamam details ko properly check kiya ja sake.
Is saal Tax policies mein significant tabdeeliyan aai hain — late filing par Rs. 25,000 tak ka jurmana lag sakta hai.
Please jald se jald humse rabta karein taake aap ki return time par file ho sake.

Shukriya aur Dua Guzar,
Salah Ud Din Siddiqui
📞 0317-5211546
C/O Ehtasham Ud Din Siddiqui
📞 0336-0015004
brandex.pk"
95,"Assalam-o-Alaikum,

Dear Client,
Tax Year 2026 ki Tax Return filing open ho gayi hai. Hum chahte hain ke aap ki Tax Return starting mein hi file kar di jaye, taake tamam details ko properly check kiya ja sake.
Is saal Tax policies mein significant tabdeeliyan aai hain — late filing par Rs. 25,000 tak ka jurmana lag sakta hai.
Please jald se jald humse rabta karein taake aap ki return time par file ho sake.

Mumnan,
Salah Ud Din Siddiqui
📞 0317-5211546
C/O Ehtasham Ud Din Siddiqui
📞 0336-0015004
brandex.pk"
96,"Assalam-o-Alaikum,

Dear Client,
Tax Year 2026 ki Tax Return filing open ho gayi hai. Hum chahte hain ke aap ki Tax Return starting mein hi file kar di jaye, taake tamam details ko properly check kiya ja sake.
Is saal Tax policies mein significant tabdeeliyan aai hain — late filing par Rs. 25,000 tak ka jurmana lag sakta hai.
Please jald se jald humse rabta karein taake aap ki return time par file ho sake.

Khuda Hafiz,
Salah Ud Din Siddiqui
📞 0317-5211546
C/O Ehtasham Ud Din Siddiqui
📞 0336-0015004
brandex.pk"
97,"Assalam-o-Alaikum,

Dear Client,
Tax Year 2026 ki Tax Return filing open ho gayi hai. Hum chahte hain ke aap ki Tax Return starting mein hi file kar di jaye, taake tamam details ko properly check kiya ja sake.
Is saal Tax policies mein significant tabdeeliyan aai hain — late filing par Rs. 25,000 tak ka jurmana lag sakta hai.
Hum aap ki service ke liye available hain — abhi contact karein aur filing complete karein.

Regards,
Salah Ud Din Siddiqui
📞 0317-5211546
C/O Ehtasham Ud Din Siddiqui
📞 0336-0015004
brandex.pk"
98,"Assalam-o-Alaikum,

Dear Client,
Tax Year 2026 ki Tax Return filing open ho gayi hai. Hum chahte hain ke aap ki Tax Return starting mein hi file kar di jaye, taake tamam details ko properly check kiya ja sake.
Is saal Tax policies mein significant tabdeeliyan aai hain — late filing par Rs. 25,000 tak ka jurmana lag sakta hai.
Hum aap ki service ke liye available hain — abhi contact karein aur filing complete karein.

Shukriya,
Salah Ud Din Siddiqui
📞 0317-5211546
C/O Ehtasham Ud Din Siddiqui
📞 0336-0015004
brandex.pk"
99,"Assalam-o-Alaikum,

Dear Client,
Tax Year 2026 ki Tax Return filing open ho gayi hai. Hum chahte hain ke aap ki Tax Return starting mein hi file kar di jaye, taake tamam details ko properly check kiya ja sake.
Is saal Tax policies mein significant tabdeeliyan aai hain — late filing par Rs. 25,000 tak ka jurmana lag sakta hai.
Hum aap ki service ke liye available hain — abhi contact karein aur filing complete karein.

JazakAllah Khair,
Salah Ud Din Siddiqui
📞 0317-5211546
C/O Ehtasham Ud Din Siddiqui
📞 0336-0015004
brandex.pk"
100,"Assalam-o-Alaikum,

Dear Client,
Tax Year 2026 ki Tax Return filing open ho gayi hai. Hum chahte hain ke aap ki Tax Return starting mein hi file kar di jaye, taake tamam details ko properly check kiya ja sake.
Is saal Tax policies mein significant tabdeeliyan aai hain — late filing par Rs. 25,000 tak ka jurmana lag sakta hai.
Hum aap ki service ke liye available hain — abhi contact karein aur filing complete karein.

Shukriya aur Dua Guzar,
Salah Ud Din Siddiqui
📞 0317-5211546
C/O Ehtasham Ud Din Siddiqui
📞 0336-0015004
brandex.pk"
101,"Assalam-o-Alaikum,

Dear Client,
Tax Year 2026 ki Tax Return filing open ho gayi hai. Hum chahte hain ke aap ki Tax Return starting mein hi file kar di jaye, taake tamam details ko properly check kiya ja sake.
Is saal Tax policies mein significant tabdeeliyan aai hain — late filing par Rs. 25,000 tak ka jurmana lag sakta hai.
Hum aap ki service ke liye available hain — abhi contact karein aur filing complete karein.

Mumnan,
Salah Ud Din Siddiqui
📞 0317-5211546
C/O Ehtasham Ud Din Siddiqui
📞 0336-0015004
brandex.pk"
102,"Assalam-o-Alaikum,

Dear Client,
Tax Year 2026 ki Tax Return filing open ho gayi hai. Hum chahte hain ke aap ki Tax Return starting mein hi file kar di jaye, taake tamam details ko properly check kiya ja sake.
Is saal Tax policies mein significant tabdeeliyan aai hain — late filing par Rs. 25,000 tak ka jurmana lag sakta hai.
Hum aap ki service ke liye available hain — abhi contact karein aur filing complete karein.

Khuda Hafiz,
Salah Ud Din Siddiqui
📞 0317-5211546
C/O Ehtasham Ud Din Siddiqui
📞 0336-0015004
brandex.pk"
103,"Assalam-o-Alaikum,

Dear Client,
Tax Year 2026 ki Tax Return filing open ho gayi hai. Hum chahte hain ke aap ki Tax Return starting mein hi file kar di jaye, taake tamam details ko properly check kiya ja sake.
Is saal Tax policies mein significant tabdeeliyan aai hain — late filing par Rs. 25,000 tak ka jurmana lag sakta hai.
Der na karein, hum se rabta karein aur apni Tax Return 2026 abhi file karwa lein.

Regards,
Salah Ud Din Siddiqui
📞 0317-5211546
C/O Ehtasham Ud Din Siddiqui
📞 0336-0015004
brandex.pk"
104,"Assalam-o-Alaikum,

Dear Client,
Tax Year 2026 ki Tax Return filing open ho gayi hai. Hum chahte hain ke aap ki Tax Return starting mein hi file kar di jaye, taake tamam details ko properly check kiya ja sake.
Is saal Tax policies mein significant tabdeeliyan aai hain — late filing par Rs. 25,000 tak ka jurmana lag sakta hai.
Der na karein, hum se rabta karein aur apni Tax Return 2026 abhi file karwa lein.

Shukriya,
Salah Ud Din Siddiqui
📞 0317-5211546
C/O Ehtasham Ud Din Siddiqui
📞 0336-0015004
brandex.pk"
105,"Assalam-o-Alaikum,

Dear Client,
Tax Year 2026 ki Tax Return filing open ho gayi hai. Hum chahte hain ke aap ki Tax Return starting mein hi file kar di jaye, taake tamam details ko properly check kiya ja sake.
Is saal Tax policies mein significant tabdeeliyan aai hain — late filing par Rs. 25,000 tak ka jurmana lag sakta hai.
Der na karein, hum se rabta karein aur apni Tax Return 2026 abhi file karwa lein.

JazakAllah Khair,
Salah Ud Din Siddiqui
📞 0317-5211546
C/O Ehtasham Ud Din Siddiqui
📞 0336-0015004
brandex.pk"
106,"Assalam-o-Alaikum,

Dear Client,
Tax Year 2026 ki Tax Return filing open ho gayi hai. Hum chahte hain ke aap ki Tax Return starting mein hi file kar di jaye, taake tamam details ko properly check kiya ja sake.
Is saal Tax policies mein significant tabdeeliyan aai hain — late filing par Rs. 25,000 tak ka jurmana lag sakta hai.
Der na karein, hum se rabta karein aur apni Tax Return 2026 abhi file karwa lein.

Shukriya aur Dua Guzar,
Salah Ud Din Siddiqui
📞 0317-5211546
C/O Ehtasham Ud Din Siddiqui
📞 0336-0015004
brandex.pk"
107,"Assalam-o-Alaikum,

Dear Client,
Tax Year 2026 ki Tax Return filing open ho gayi hai. Hum chahte hain ke aap ki Tax Return starting mein hi file kar di jaye, taake tamam details ko properly check kiya ja sake.
Is saal Tax policies mein significant tabdeeliyan aai hain — late filing par Rs. 25,000 tak ka jurmana lag sakta hai.
Der na karein, hum se rabta karein aur apni Tax Return 2026 abhi file karwa lein.

Mumnan,
Salah Ud Din Siddiqui
📞 0317-5211546
C/O Ehtasham Ud Din Siddiqui
📞 0336-0015004
brandex.pk"
108,"Assalam-o-Alaikum,

Dear Client,
Tax Year 2026 ki Tax Return filing open ho gayi hai. Hum chahte hain ke aap ki Tax Return starting mein hi file kar di jaye, taake tamam details ko properly check kiya ja sake.
Is saal Tax policies mein significant tabdeeliyan aai hain — late filing par Rs. 25,000 tak ka jurmana lag sakta hai.
Der na karein, hum se rabta karein aur apni Tax Return 2026 abhi file karwa lein.

Khuda Hafiz,
Salah Ud Din Siddiqui
📞 0317-5211546
C/O Ehtasham Ud Din Siddiqui
📞 0336-0015004
brandex.pk"
109,"Assalam-o-Alaikum,

Dear Client,
Tax Year 2026 ki Tax Return filing open ho gayi hai. Hum chahte hain ke aap ki Tax Return starting mein hi file kar di jaye, taake tamam details ko properly check kiya ja sake.
Naye qawaneen ke mutabiq, late filers ko Rs. 25,000 tak ka penalty bharna par sakta hai.
Is liye behtar hai ke hum aap ki Tax Return 2026 ki filing abhi kar dein.

Regards,
Salah Ud Din Siddiqui
📞 0317-5211546
C/O Ehtasham Ud Din Siddiqui
📞 0336-0015004
brandex.pk"
110,"Assalam-o-Alaikum,

Dear Client,
Tax Year 2026 ki Tax Return filing open ho gayi hai. Hum chahte hain ke aap ki Tax Return starting mein hi file kar di jaye, taake tamam details ko properly check kiya ja sake.
Naye qawaneen ke mutabiq, late filers ko Rs. 25,000 tak ka penalty bharna par sakta hai.
Is liye behtar hai ke hum aap ki Tax Return 2026 ki filing abhi kar dein.

Shukriya,
Salah Ud Din Siddiqui
📞 0317-5211546
C/O Ehtasham Ud Din Siddiqui
📞 0336-0015004
brandex.pk"
111,"Assalam-o-Alaikum,

Dear Client,
Tax Year 2026 ki Tax Return filing open ho gayi hai. Hum chahte hain ke aap ki Tax Return starting mein hi file kar di jaye, taake tamam details ko properly check kiya ja sake.
Naye qawaneen ke mutabiq, late filers ko Rs. 25,000 tak ka penalty bharna par sakta hai.
Is liye behtar hai ke hum aap ki Tax Return 2026 ki filing abhi kar dein.

JazakAllah Khair,
Salah Ud Din Siddiqui
📞 0317-5211546
C/O Ehtasham Ud Din Siddiqui
📞 0336-0015004
brandex.pk"
112,"Assalam-o-Alaikum,

Dear Client,
Tax Year 2026 ki Tax Return filing open ho gayi hai. Hum chahte hain ke aap ki Tax Return starting mein hi file kar di jaye, taake tamam details ko properly check kiya ja sake.
Naye qawaneen ke mutabiq, late filers ko Rs. 25,000 tak ka penalty bharna par sakta hai.
Is liye behtar hai ke hum aap ki Tax Return 2026 ki filing abhi kar dein.

Shukriya aur Dua Guzar,
Salah Ud Din Siddiqui
📞 0317-5211546
C/O Ehtasham Ud Din Siddiqui
📞 0336-0015004
brandex.pk"
113,"Assalam-o-Alaikum,

Dear Client,
Tax Year 2026 ki Tax Return filing open ho gayi hai. Hum chahte hain ke aap ki Tax Return starting mein hi file kar di jaye, taake tamam details ko properly check kiya ja sake.
Naye qawaneen ke mutabiq, late filers ko Rs. 25,000 tak ka penalty bharna par sakta hai.
Is liye behtar hai ke hum aap ki Tax Return 2026 ki filing abhi kar dein.

Mumnan,
Salah Ud Din Siddiqui
📞 0317-5211546
C/O Ehtasham Ud Din Siddiqui
📞 0336-0015004
brandex.pk"
114,"Assalam-o-Alaikum,

Dear Client,
Tax Year 2026 ki Tax Return filing open ho gayi hai. Hum chahte hain ke aap ki Tax Return starting mein hi file kar di jaye, taake tamam details ko properly check kiya ja sake.
Naye qawaneen ke mutabiq, late filers ko Rs. 25,000 tak ka penalty bharna par sakta hai.
Is liye behtar hai ke hum aap ki Tax Return 2026 ki filing abhi kar dein.

Khuda Hafiz,
Salah Ud Din Siddiqui
📞 0317-5211546
C/O Ehtasham Ud Din Siddiqui
📞 0336-0015004
brandex.pk"
115,"Assalam-o-Alaikum,

Dear Client,
Tax Year 2026 ki Tax Return filing open ho gayi hai. Hum chahte hain ke aap ki Tax Return starting mein hi file kar di jaye, taake tamam details ko properly check kiya ja sake.
Naye qawaneen ke mutabiq, late filers ko Rs. 25,000 tak ka penalty bharna par sakta hai.
Aaj hi apni Tax Return 2026 file karwayein aur fikar se azad ho jayein.

Regards,
Salah Ud Din Siddiqui
📞 0317-5211546
C/O Ehtasham Ud Din Siddiqui
📞 0336-0015004
brandex.pk"
116,"Assalam-o-Alaikum,

Dear Client,
Tax Year 2026 ki Tax Return filing open ho gayi hai. Hum chahte hain ke aap ki Tax Return starting mein hi file kar di jaye, taake tamam details ko properly check kiya ja sake.
Naye qawaneen ke mutabiq, late filers ko Rs. 25,000 tak ka penalty bharna par sakta hai.
Aaj hi apni Tax Return 2026 file karwayein aur fikar se azad ho jayein.

Shukriya,
Salah Ud Din Siddiqui
📞 0317-5211546
C/O Ehtasham Ud Din Siddiqui
📞 0336-0015004
brandex.pk"
117,"Assalam-o-Alaikum,

Dear Client,
Tax Year 2026 ki Tax Return filing open ho gayi hai. Hum chahte hain ke aap ki Tax Return starting mein hi file kar di jaye, taake tamam details ko properly check kiya ja sake.
Naye qawaneen ke mutabiq, late filers ko Rs. 25,000 tak ka penalty bharna par sakta hai.
Aaj hi apni Tax Return 2026 file karwayein aur fikar se azad ho jayein.

JazakAllah Khair,
Salah Ud Din Siddiqui
📞 0317-5211546
C/O Ehtasham Ud Din Siddiqui
📞 0336-0015004
brandex.pk"
118,"Assalam-o-Alaikum,

Dear Client,
Tax Year 2026 ki Tax Return filing open ho gayi hai. Hum chahte hain ke aap ki Tax Return starting mein hi file kar di jaye, taake tamam details ko properly check kiya ja sake.
Naye qawaneen ke mutabiq, late filers ko Rs. 25,000 tak ka penalty bharna par sakta hai.
Aaj hi apni Tax Return 2026 file karwayein aur fikar se azad ho jayein.

Shukriya aur Dua Guzar,
Salah Ud Din Siddiqui
📞 0317-5211546
C/O Ehtasham Ud Din Siddiqui
📞 0336-0015004
brandex.pk"
119,"Assalam-o-Alaikum,

Dear Client,
Tax Year 2026 ki Tax Return filing open ho gayi hai. Hum chahte hain ke aap ki Tax Return starting mein hi file kar di jaye, taake tamam details ko properly check kiya ja sake.
Naye qawaneen ke mutabiq, late filers ko Rs. 25,000 tak ka penalty bharna par sakta hai.
Aaj hi apni Tax Return 2026 file karwayein aur fikar se azad ho jayein.

Mumnan,
Salah Ud Din Siddiqui
📞 0317-5211546
C/O Ehtasham Ud Din Siddiqui
📞 0336-0015004
brandex.pk"
120,"Assalam-o-Alaikum,

Dear Client,
Tax Year 2026 ki Tax Return filing open ho gayi hai. Hum chahte hain ke aap ki Tax Return starting mein hi file kar di jaye, taake tamam details ko properly check kiya ja sake.
Naye qawaneen ke mutabiq, late filers ko Rs. 25,000 tak ka penalty bharna par sakta hai.
Aaj hi apni Tax Return 2026 file karwayein aur fikar se azad ho jayein.

Khuda Hafiz,
Salah Ud Din Siddiqui
📞 0317-5211546
C/O Ehtasham Ud Din Siddiqui
📞 0336-0015004
brandex.pk"
121,"Assalam-o-Alaikum,

Dear Client,
Tax Year 2026 ki Tax Return filing open ho gayi hai. Hum chahte hain ke aap ki Tax Return starting mein hi file kar di jaye, taake tamam details ko properly check kiya ja sake.
Naye qawaneen ke mutabiq, late filers ko Rs. 25,000 tak ka penalty bharna par sakta hai.
Isliye hum aap se guzarish karte hain ke filing mein der na karein.

Regards,
Salah Ud Din Siddiqui
📞 0317-5211546
C/O Ehtasham Ud Din Siddiqui
📞 0336-0015004
brandex.pk"
122,"Assalam-o-Alaikum,

Dear Client,
Tax Year 2026 ki Tax Return filing open ho gayi hai. Hum chahte hain ke aap ki Tax Return starting mein hi file kar di jaye, taake tamam details ko properly check kiya ja sake.
Naye qawaneen ke mutabiq, late filers ko Rs. 25,000 tak ka penalty bharna par sakta hai.
Isliye hum aap se guzarish karte hain ke filing mein der na karein.

Shukriya,
Salah Ud Din Siddiqui
📞 0317-5211546
C/O Ehtasham Ud Din Siddiqui
📞 0336-0015004
brandex.pk"
123,"Assalam-o-Alaikum,

Dear Client,
Tax Year 2026 ki Tax Return filing open ho gayi hai. Hum chahte hain ke aap ki Tax Return starting mein hi file kar di jaye, taake tamam details ko properly check kiya ja sake.
Naye qawaneen ke mutabiq, late filers ko Rs. 25,000 tak ka penalty bharna par sakta hai.
Isliye hum aap se guzarish karte hain ke filing mein der na karein.

JazakAllah Khair,
Salah Ud Din Siddiqui
📞 0317-5211546
C/O Ehtasham Ud Din Siddiqui
📞 0336-0015004
brandex.pk"
124,"Assalam-o-Alaikum,

Dear Client,
Tax Year 2026 ki Tax Return filing open ho gayi hai. Hum chahte hain ke aap ki Tax Return starting mein hi file kar di jaye, taake tamam details ko properly check kiya ja sake.
Naye qawaneen ke mutabiq, late filers ko Rs. 25,000 tak ka penalty bharna par sakta hai.
Isliye hum aap se guzarish karte hain ke filing mein der na karein.

Shukriya aur Dua Guzar,
Salah Ud Din Siddiqui
📞 0317-5211546
C/O Ehtasham Ud Din Siddiqui
📞 0336-0015004
brandex.pk"
125,"Assalam-o-Alaikum,

Dear Client,
Tax Year 2026 ki Tax Return filing open ho gayi hai. Hum chahte hain ke aap ki Tax Return starting mein hi file kar di jaye, taake tamam details ko properly check kiya ja sake.
Naye qawaneen ke mutabiq, late filers ko Rs. 25,000 tak ka penalty bharna par sakta hai.
Isliye hum aap se guzarish karte hain ke filing mein der na karein.

Mumnan,
Salah Ud Din Siddiqui
📞 0317-5211546
C/O Ehtasham Ud Din Siddiqui
📞 0336-0015004
brandex.pk"
126,"Assalam-o-Alaikum,

Dear Client,
Tax Year 2026 ki Tax Return filing open ho gayi hai. Hum chahte hain ke aap ki Tax Return starting mein hi file kar di jaye, taake tamam details ko properly check kiya ja sake.
Naye qawaneen ke mutabiq, late filers ko Rs. 25,000 tak ka penalty bharna par sakta hai.
Isliye hum aap se guzarish karte hain ke filing mein der na karein.

Khuda Hafiz,
Salah Ud Din Siddiqui
📞 0317-5211546
C/O Ehtasham Ud Din Siddiqui
📞 0336-0015004
brandex.pk"
127,"Assalam-o-Alaikum,

Dear Client,
Tax Year 2026 ki Tax Return filing open ho gayi hai. Hum chahte hain ke aap ki Tax Return starting mein hi file kar di jaye, taake tamam details ko properly check kiya ja sake.
Naye qawaneen ke mutabiq, late filers ko Rs. 25,000 tak ka penalty bharna par sakta hai.
Hum aap ki madad ke liye tayar hain — abhi batayein aur return file kar dete hain.

Regards,
Salah Ud Din Siddiqui
📞 0317-5211546
C/O Ehtasham Ud Din Siddiqui
📞 0336-0015004
brandex.pk"
128,"Assalam-o-Alaikum,

Dear Client,
Tax Year 2026 ki Tax Return filing open ho gayi hai. Hum chahte hain ke aap ki Tax Return starting mein hi file kar di jaye, taake tamam details ko properly check kiya ja sake.
Naye qawaneen ke mutabiq, late filers ko Rs. 25,000 tak ka penalty bharna par sakta hai.
Hum aap ki madad ke liye tayar hain — abhi batayein aur return file kar dete hain.

Shukriya,
Salah Ud Din Siddiqui
📞 0317-5211546
C/O Ehtasham Ud Din Siddiqui
📞 0336-0015004
brandex.pk"
129,"Assalam-o-Alaikum,

Dear Client,
Tax Year 2026 ki Tax Return filing open ho gayi hai. Hum chahte hain ke aap ki Tax Return starting mein hi file kar di jaye, taake tamam details ko properly check kiya ja sake.
Naye qawaneen ke mutabiq, late filers ko Rs. 25,000 tak ka penalty bharna par sakta hai.
Hum aap ki madad ke liye tayar hain — abhi batayein aur return file kar dete hain.

JazakAllah Khair,
Salah Ud Din Siddiqui
📞 0317-5211546
C/O Ehtasham Ud Din Siddiqui
📞 0336-0015004
brandex.pk"
130,"Assalam-o-Alaikum,

Dear Client,
Tax Year 2026 ki Tax Return filing open ho gayi hai. Hum chahte hain ke aap ki Tax Return starting mein hi file kar di jaye, taake tamam details ko properly check kiya ja sake.
Naye qawaneen ke mutabiq, late filers ko Rs. 25,000 tak ka penalty bharna par sakta hai.
Hum aap ki madad ke liye tayar hain — abhi batayein aur return file kar dete hain.

Shukriya aur Dua Guzar,
Salah Ud Din Siddiqui
📞 0317-5211546
C/O Ehtasham Ud Din Siddiqui
📞 0336-0015004
brandex.pk"
131,"Assalam-o-Alaikum,

Dear Client,
Tax Year 2026 ki Tax Return filing open ho gayi hai. Hum chahte hain ke aap ki Tax Return starting mein hi file kar di jaye, taake tamam details ko properly check kiya ja sake.
Naye qawaneen ke mutabiq, late filers ko Rs. 25,000 tak ka penalty bharna par sakta hai.
Hum aap ki madad ke liye tayar hain — abhi batayein aur return file kar dete hain.

Mumnan,
Salah Ud Din Siddiqui
📞 0317-5211546
C/O Ehtasham Ud Din Siddiqui
📞 0336-0015004
brandex.pk"
132,"Assalam-o-Alaikum,

Dear Client,
Tax Year 2026 ki Tax Return filing open ho gayi hai. Hum chahte hain ke aap ki Tax Return starting mein hi file kar di jaye, taake tamam details ko properly check kiya ja sake.
Naye qawaneen ke mutabiq, late filers ko Rs. 25,000 tak ka penalty bharna par sakta hai.
Hum aap ki madad ke liye tayar hain — abhi batayein aur return file kar dete hain.

Khuda Hafiz,
Salah Ud Din Siddiqui
📞 0317-5211546
C/O Ehtasham Ud Din Siddiqui
📞 0336-0015004
brandex.pk"
133,"Assalam-o-Alaikum,

Dear Client,
Tax Year 2026 ki Tax Return filing open ho gayi hai. Hum chahte hain ke aap ki Tax Return starting mein hi file kar di jaye, taake tamam details ko properly check kiya ja sake.
Naye qawaneen ke mutabiq, late filers ko Rs. 25,000 tak ka penalty bharna par sakta hai.
Behtar yahi hoga ke hum abhi filing complete kar lein, taake baad mein koi tension na ho.

Regards,
Salah Ud Din Siddiqui
📞 0317-5211546
C/O Ehtasham Ud Din Siddiqui
📞 0336-0015004
brandex.pk"
134,"Assalam-o-Alaikum,

Dear Client,
Tax Year 2026 ki Tax Return filing open ho gayi hai. Hum chahte hain ke aap ki Tax Return starting mein hi file kar di jaye, taake tamam details ko properly check kiya ja sake.
Naye qawaneen ke mutabiq, late filers ko Rs. 25,000 tak ka penalty bharna par sakta hai.
Behtar yahi hoga ke hum abhi filing complete kar lein, taake baad mein koi tension na ho.

Shukriya,
Salah Ud Din Siddiqui
📞 0317-5211546
C/O Ehtasham Ud Din Siddiqui
📞 0336-0015004
brandex.pk"
135,"Assalam-o-Alaikum,

Dear Client,
Tax Year 2026 ki Tax Return filing open ho gayi hai. Hum chahte hain ke aap ki Tax Return starting mein hi file kar di jaye, taake tamam details ko properly check kiya ja sake.
Naye qawaneen ke mutabiq, late filers ko Rs. 25,000 tak ka penalty bharna par sakta hai.
Behtar yahi hoga ke hum abhi filing complete kar lein, taake baad mein koi tension na ho.

JazakAllah Khair,
Salah Ud Din Siddiqui
📞 0317-5211546
C/O Ehtasham Ud Din Siddiqui
📞 0336-0015004
brandex.pk"
136,"Assalam-o-Alaikum,

Dear Client,
Tax Year 2026 ki Tax Return filing open ho gayi hai. Hum chahte hain ke aap ki Tax Return starting mein hi file kar di jaye, taake tamam details ko properly check kiya ja sake.
Naye qawaneen ke mutabiq, late filers ko Rs. 25,000 tak ka penalty bharna par sakta hai.
Behtar yahi hoga ke hum abhi filing complete kar lein, taake baad mein koi tension na ho.

Shukriya aur Dua Guzar,
Salah Ud Din Siddiqui
📞 0317-5211546
C/O Ehtasham Ud Din Siddiqui
📞 0336-0015004
brandex.pk"
137,"Assalam-o-Alaikum,

Dear Client,
Tax Year 2026 ki Tax Return filing open ho gayi hai. Hum chahte hain ke aap ki Tax Return starting mein hi file kar di jaye, taake tamam details ko properly check kiya ja sake.
Naye qawaneen ke mutabiq, late filers ko Rs. 25,000 tak ka penalty bharna par sakta hai.
Behtar yahi hoga ke hum abhi filing complete kar lein, taake baad mein koi tension na ho.

Mumnan,
Salah Ud Din Siddiqui
📞 0317-5211546
C/O Ehtasham Ud Din Siddiqui
📞 0336-0015004
brandex.pk"
138,"Assalam-o-Alaikum,

Dear Client,
Tax Year 2026 ki Tax Return filing open ho gayi hai. Hum chahte hain ke aap ki Tax Return starting mein hi file kar di jaye, taake tamam details ko properly check kiya ja sake.
Naye qawaneen ke mutabiq, late filers ko Rs. 25,000 tak ka penalty bharna par sakta hai.
Behtar yahi hoga ke hum abhi filing complete kar lein, taake baad mein koi tension na ho.

Khuda Hafiz,
Salah Ud Din Siddiqui
📞 0317-5211546
C/O Ehtasham Ud Din Siddiqui
📞 0336-0015004
brandex.pk"
139,"Assalam-o-Alaikum,

Dear Client,
Tax Year 2026 ki Tax Return filing open ho gayi hai. Hum chahte hain ke aap ki Tax Return starting mein hi file kar di jaye, taake tamam details ko properly check kiya ja sake.
Naye qawaneen ke mutabiq, late filers ko Rs. 25,000 tak ka penalty bharna par sakta hai.
Apni Tax Return 2026 jaldi file karwa lein — hum poori madad karenge.

Regards,
Salah Ud Din Siddiqui
📞 0317-5211546
C/O Ehtasham Ud Din Siddiqui
📞 0336-0015004
brandex.pk"
140,"Assalam-o-Alaikum,

Dear Client,
Tax Year 2026 ki Tax Return filing open ho gayi hai. Hum chahte hain ke aap ki Tax Return starting mein hi file kar di jaye, taake tamam details ko properly check kiya ja sake.
Naye qawaneen ke mutabiq, late filers ko Rs. 25,000 tak ka penalty bharna par sakta hai.
Apni Tax Return 2026 jaldi file karwa lein — hum poori madad karenge.

Shukriya,
Salah Ud Din Siddiqui
📞 0317-5211546
C/O Ehtasham Ud Din Siddiqui
📞 0336-0015004
brandex.pk"
141,"Assalam-o-Alaikum,

Dear Client,
Tax Year 2026 ki Tax Return filing open ho gayi hai. Hum chahte hain ke aap ki Tax Return starting mein hi file kar di jaye, taake tamam details ko properly check kiya ja sake.
Naye qawaneen ke mutabiq, late filers ko Rs. 25,000 tak ka penalty bharna par sakta hai.
Apni Tax Return 2026 jaldi file karwa lein — hum poori madad karenge.

JazakAllah Khair,
Salah Ud Din Siddiqui
📞 0317-5211546
C/O Ehtasham Ud Din Siddiqui
📞 0336-0015004
brandex.pk"
142,"Assalam-o-Alaikum,

Dear Client,
Tax Year 2026 ki Tax Return filing open ho gayi hai. Hum chahte hain ke aap ki Tax Return starting mein hi file kar di jaye, taake tamam details ko properly check kiya ja sake.
Naye qawaneen ke mutabiq, late filers ko Rs. 25,000 tak ka penalty bharna par sakta hai.
Apni Tax Return 2026 jaldi file karwa lein — hum poori madad karenge.

Shukriya aur Dua Guzar,
Salah Ud Din Siddiqui
📞 0317-5211546
C/O Ehtasham Ud Din Siddiqui
📞 0336-0015004
brandex.pk"
143,"Assalam-o-Alaikum,

Dear Client,
Tax Year 2026 ki Tax Return filing open ho gayi hai. Hum chahte hain ke aap ki Tax Return starting mein hi file kar di jaye, taake tamam details ko properly check kiya ja sake.
Naye qawaneen ke mutabiq, late filers ko Rs. 25,000 tak ka penalty bharna par sakta hai.
Apni Tax Return 2026 jaldi file karwa lein — hum poori madad karenge.

Mumnan,
Salah Ud Din Siddiqui
📞 0317-5211546
C/O Ehtasham Ud Din Siddiqui
📞 0336-0015004
brandex.pk"
144,"Assalam-o-Alaikum,

Dear Client,
Tax Year 2026 ki Tax Return filing open ho gayi hai. Hum chahte hain ke aap ki Tax Return starting mein hi file kar di jaye, taake tamam details ko properly check kiya ja sake.
Naye qawaneen ke mutabiq, late filers ko Rs. 25,000 tak ka penalty bharna par sakta hai.
Apni Tax Return 2026 jaldi file karwa lein — hum poori madad karenge.

Khuda Hafiz,
Salah Ud Din Siddiqui
📞 0317-5211546
C/O Ehtasham Ud Din Siddiqui
📞 0336-0015004
brandex.pk"
145,"Assalam-o-Alaikum,

Dear Client,
Tax Year 2026 ki Tax Return filing open ho gayi hai. Hum chahte hain ke aap ki Tax Return starting mein hi file kar di jaye, taake tamam details ko properly check kiya ja sake.
Naye qawaneen ke mutabiq, late filers ko Rs. 25,000 tak ka penalty bharna par sakta hai.
Please jald se jald humse rabta karein taake aap ki return time par file ho sake.

Regards,
Salah Ud Din Siddiqui
📞 0317-5211546
C/O Ehtasham Ud Din Siddiqui
📞 0336-0015004
brandex.pk"
146,"Assalam-o-Alaikum,

Dear Client,
Tax Year 2026 ki Tax Return filing open ho gayi hai. Hum chahte hain ke aap ki Tax Return starting mein hi file kar di jaye, taake tamam details ko properly check kiya ja sake.
Naye qawaneen ke mutabiq, late filers ko Rs. 25,000 tak ka penalty bharna par sakta hai.
Please jald se jald humse rabta karein taake aap ki return time par file ho sake.

Shukriya,
Salah Ud Din Siddiqui
📞 0317-5211546
C/O Ehtasham Ud Din Siddiqui
📞 0336-0015004
brandex.pk"
147,"Assalam-o-Alaikum,

Dear Client,
Tax Year 2026 ki Tax Return filing open ho gayi hai. Hum chahte hain ke aap ki Tax Return starting mein hi file kar di jaye, taake tamam details ko properly check kiya ja sake.
Naye qawaneen ke mutabiq, late filers ko Rs. 25,000 tak ka penalty bharna par sakta hai.
Please jald se jald humse rabta karein taake aap ki return time par file ho sake.

JazakAllah Khair,
Salah Ud Din Siddiqui
📞 0317-5211546
C/O Ehtasham Ud Din Siddiqui
📞 0336-0015004
brandex.pk"
148,"Assalam-o-Alaikum,

Dear Client,
Tax Year 2026 ki Tax Return filing open ho gayi hai. Hum chahte hain ke aap ki Tax Return starting mein hi file kar di jaye, taake tamam details ko properly check kiya ja sake.
Naye qawaneen ke mutabiq, late filers ko Rs. 25,000 tak ka penalty bharna par sakta hai.
Please jald se jald humse rabta karein taake aap ki return time par file ho sake.

Shukriya aur Dua Guzar,
Salah Ud Din Siddiqui
📞 0317-5211546
C/O Ehtasham Ud Din Siddiqui
📞 0336-0015004
brandex.pk"
149,"Assalam-o-Alaikum,

Dear Client,
Tax Year 2026 ki Tax Return filing open ho gayi hai. Hum chahte hain ke aap ki Tax Return starting mein hi file kar di jaye, taake tamam details ko properly check kiya ja sake.
Naye qawaneen ke mutabiq, late filers ko Rs. 25,000 tak ka penalty bharna par sakta hai.
Please jald se jald humse rabta karein taake aap ki return time par file ho sake.

Mumnan,
Salah Ud Din Siddiqui
📞 0317-5211546
C/O Ehtasham Ud Din Siddiqui
📞 0336-0015004
brandex.pk"
150,"Assalam-o-Alaikum,

Dear Client,
Tax Year 2026 ki Tax Return filing open ho gayi hai. Hum chahte hain ke aap ki Tax Return starting mein hi file kar di jaye, taake tamam details ko properly check kiya ja sake.
Naye qawaneen ke mutabiq, late filers ko Rs. 25,000 tak ka penalty bharna par sakta hai.
Please jald se jald humse rabta karein taake aap ki return time par file ho sake.

Khuda Hafiz,
Salah Ud Din Siddiqui
📞 0317-5211546
C/O Ehtasham Ud Din Siddiqui
📞 0336-0015004
brandex.pk"
151,"Assalam-o-Alaikum,

Dear Client,
Tax Year 2026 ki Tax Return filing open ho gayi hai. Hum chahte hain ke aap ki Tax Return starting mein hi file kar di jaye, taake tamam details ko properly check kiya ja sake.
Naye qawaneen ke mutabiq, late filers ko Rs. 25,000 tak ka penalty bharna par sakta hai.
Hum aap ki service ke liye available hain — abhi contact karein aur filing complete karein.

Regards,
Salah Ud Din Siddiqui
📞 0317-5211546
C/O Ehtasham Ud Din Siddiqui
📞 0336-0015004
brandex.pk"
152,"Assalam-o-Alaikum,

Dear Client,
Tax Year 2026 ki Tax Return filing open ho gayi hai. Hum chahte hain ke aap ki Tax Return starting mein hi file kar di jaye, taake tamam details ko properly check kiya ja sake.
Naye qawaneen ke mutabiq, late filers ko Rs. 25,000 tak ka penalty bharna par sakta hai.
Hum aap ki service ke liye available hain — abhi contact karein aur filing complete karein.

Shukriya,
Salah Ud Din Siddiqui
📞 0317-5211546
C/O Ehtasham Ud Din Siddiqui
📞 0336-0015004
brandex.pk"
153,"Assalam-o-Alaikum,

Dear Client,
Tax Year 2026 ki Tax Return filing open ho gayi hai. Hum chahte hain ke aap ki Tax Return starting mein hi file kar di jaye, taake tamam details ko properly check kiya ja sake.
Naye qawaneen ke mutabiq, late filers ko Rs. 25,000 tak ka penalty bharna par sakta hai.
Hum aap ki service ke liye available hain — abhi contact karein aur filing complete karein.

JazakAllah Khair,
Salah Ud Din Siddiqui
📞 0317-5211546
C/O Ehtasham Ud Din Siddiqui
📞 0336-0015004
brandex.pk"
154,"Assalam-o-Alaikum,

Dear Client,
Tax Year 2026 ki Tax Return filing open ho gayi hai. Hum chahte hain ke aap ki Tax Return starting mein hi file kar di jaye, taake tamam details ko properly check kiya ja sake.
Naye qawaneen ke mutabiq, late filers ko Rs. 25,000 tak ka penalty bharna par sakta hai.
Hum aap ki service ke liye available hain — abhi contact karein aur filing complete karein.

Shukriya aur Dua Guzar,
Salah Ud Din Siddiqui
📞 0317-5211546
C/O Ehtasham Ud Din Siddiqui
📞 0336-0015004
brandex.pk"
155,"Assalam-o-Alaikum,

Dear Client,
Tax Year 2026 ki Tax Return filing open ho gayi hai. Hum chahte hain ke aap ki Tax Return starting mein hi file kar di jaye, taake tamam details ko properly check kiya ja sake.
Naye qawaneen ke mutabiq, late filers ko Rs. 25,000 tak ka penalty bharna par sakta hai.
Hum aap ki service ke liye available hain — abhi contact karein aur filing complete karein.

Mumnan,
Salah Ud Din Siddiqui
📞 0317-5211546
C/O Ehtasham Ud Din Siddiqui
📞 0336-0015004
brandex.pk"
156,"Assalam-o-Alaikum,

Dear Client,
Tax Year 2026 ki Tax Return filing open ho gayi hai. Hum chahte hain ke aap ki Tax Return starting mein hi file kar di jaye, taake tamam details ko properly check kiya ja sake.
Naye qawaneen ke mutabiq, late filers ko Rs. 25,000 tak ka penalty bharna par sakta hai.
Hum aap ki service ke liye available hain — abhi contact karein aur filing complete karein.

Khuda Hafiz,
Salah Ud Din Siddiqui
📞 0317-5211546
C/O Ehtasham Ud Din Siddiqui
📞 0336-0015004
brandex.pk"
157,"Assalam-o-Alaikum,

Dear Client,
Tax Year 2026 ki Tax Return filing open ho gayi hai. Hum chahte hain ke aap ki Tax Return starting mein hi file kar di jaye, taake tamam details ko properly check kiya ja sake.
Naye qawaneen ke mutabiq, late filers ko Rs. 25,000 tak ka penalty bharna par sakta hai.
Der na karein, hum se rabta karein aur apni Tax Return 2026 abhi file karwa lein.

Regards,
Salah Ud Din Siddiqui
📞 0317-5211546
C/O Ehtasham Ud Din Siddiqui
📞 0336-0015004
brandex.pk"
158,"Assalam-o-Alaikum,

Dear Client,
Tax Year 2026 ki Tax Return filing open ho gayi hai. Hum chahte hain ke aap ki Tax Return starting mein hi file kar di jaye, taake tamam details ko properly check kiya ja sake.
Naye qawaneen ke mutabiq, late filers ko Rs. 25,000 tak ka penalty bharna par sakta hai.
Der na karein, hum se rabta karein aur apni Tax Return 2026 abhi file karwa lein.

Shukriya,
Salah Ud Din Siddiqui
📞 0317-5211546
C/O Ehtasham Ud Din Siddiqui
📞 0336-0015004
brandex.pk"
159,"Assalam-o-Alaikum,

Dear Client,
Tax Year 2026 ki Tax Return filing open ho gayi hai. Hum chahte hain ke aap ki Tax Return starting mein hi file kar di jaye, taake tamam details ko properly check kiya ja sake.
Naye qawaneen ke mutabiq, late filers ko Rs. 25,000 tak ka penalty bharna par sakta hai.
Der na karein, hum se rabta karein aur apni Tax Return 2026 abhi file karwa lein.

JazakAllah Khair,
Salah Ud Din Siddiqui
📞 0317-5211546
C/O Ehtasham Ud Din Siddiqui
📞 0336-0015004
brandex.pk"
160,"Assalam-o-Alaikum,

Dear Client,
Tax Year 2026 ki Tax Return filing open ho gayi hai. Hum chahte hain ke aap ki Tax Return starting mein hi file kar di jaye, taake tamam details ko properly check kiya ja sake.
Naye qawaneen ke mutabiq, late filers ko Rs. 25,000 tak ka penalty bharna par sakta hai.
Der na karein, hum se rabta karein aur apni Tax Return 2026 abhi file karwa lein.

Shukriya aur Dua Guzar,
Salah Ud Din Siddiqui
📞 0317-5211546
C/O Ehtasham Ud Din Siddiqui
📞 0336-0015004
brandex.pk"
161,"Assalam-o-Alaikum,

Dear Client,
Tax Year 2026 ki Tax Return filing open ho gayi hai. Hum chahte hain ke aap ki Tax Return starting mein hi file kar di jaye, taake tamam details ko properly check kiya ja sake.
Naye qawaneen ke mutabiq, late filers ko Rs. 25,000 tak ka penalty bharna par sakta hai.
Der na karein, hum se rabta karein aur apni Tax Return 2026 abhi file karwa lein.

Mumnan,
Salah Ud Din Siddiqui
📞 0317-5211546
C/O Ehtasham Ud Din Siddiqui
📞 0336-0015004
brandex.pk"
162,"Assalam-o-Alaikum,

Dear Client,
Tax Year 2026 ki Tax Return filing open ho gayi hai. Hum chahte hain ke aap ki Tax Return starting mein hi file kar di jaye, taake tamam details ko properly check kiya ja sake.
Naye qawaneen ke mutabiq, late filers ko Rs. 25,000 tak ka penalty bharna par sakta hai.
Der na karein, hum se rabta karein aur apni Tax Return 2026 abhi file karwa lein.

Khuda Hafiz,
Salah Ud Din Siddiqui
📞 0317-5211546
C/O Ehtasham Ud Din Siddiqui
📞 0336-0015004
brandex.pk"
163,"Assalam-o-Alaikum,

Dear Client,
Tax Year 2026 ki Tax Return filing open ho gayi hai. Hum chahte hain ke aap ki Tax Return starting mein hi file kar di jaye, taake tamam details ko properly check kiya ja sake.
FBR ne is baar penalties sakht kar di hain — late return par individual ko Rs. 25,000 tak ka fine ho sakta hai.
Is liye behtar hai ke hum aap ki Tax Return 2026 ki filing abhi kar dein.

Regards,
Salah Ud Din Siddiqui
📞 0317-5211546
C/O Ehtasham Ud Din Siddiqui
📞 0336-0015004
brandex.pk"
164,"Assalam-o-Alaikum,

Dear Client,
Tax Year 2026 ki Tax Return filing open ho gayi hai. Hum chahte hain ke aap ki Tax Return starting mein hi file kar di jaye, taake tamam details ko properly check kiya ja sake.
FBR ne is baar penalties sakht kar di hain — late return par individual ko Rs. 25,000 tak ka fine ho sakta hai.
Is liye behtar hai ke hum aap ki Tax Return 2026 ki filing abhi kar dein.

Shukriya,
Salah Ud Din Siddiqui
📞 0317-5211546
C/O Ehtasham Ud Din Siddiqui
📞 0336-0015004
brandex.pk"
165,"Assalam-o-Alaikum,

Dear Client,
Tax Year 2026 ki Tax Return filing open ho gayi hai. Hum chahte hain ke aap ki Tax Return starting mein hi file kar di jaye, taake tamam details ko properly check kiya ja sake.
FBR ne is baar penalties sakht kar di hain — late return par individual ko Rs. 25,000 tak ka fine ho sakta hai.
Is liye behtar hai ke hum aap ki Tax Return 2026 ki filing abhi kar dein.

JazakAllah Khair,
Salah Ud Din Siddiqui
📞 0317-5211546
C/O Ehtasham Ud Din Siddiqui
📞 0336-0015004
brandex.pk"
166,"Assalam-o-Alaikum,

Dear Client,
Tax Year 2026 ki Tax Return filing open ho gayi hai. Hum chahte hain ke aap ki Tax Return starting mein hi file kar di jaye, taake tamam details ko properly check kiya ja sake.
FBR ne is baar penalties sakht kar di hain — late return par individual ko Rs. 25,000 tak ka fine ho sakta hai.
Is liye behtar hai ke hum aap ki Tax Return 2026 ki filing abhi kar dein.

Shukriya aur Dua Guzar,
Salah Ud Din Siddiqui
📞 0317-5211546
C/O Ehtasham Ud Din Siddiqui
📞 0336-0015004
brandex.pk"
167,"Assalam-o-Alaikum,

Dear Client,
Tax Year 2026 ki Tax Return filing open ho gayi hai. Hum chahte hain ke aap ki Tax Return starting mein hi file kar di jaye, taake tamam details ko properly check kiya ja sake.
FBR ne is baar penalties sakht kar di hain — late return par individual ko Rs. 25,000 tak ka fine ho sakta hai.
Is liye behtar hai ke hum aap ki Tax Return 2026 ki filing abhi kar dein.

Mumnan,
Salah Ud Din Siddiqui
📞 0317-5211546
C/O Ehtasham Ud Din Siddiqui
📞 0336-0015004
brandex.pk"
168,"Assalam-o-Alaikum,

Dear Client,
Tax Year 2026 ki Tax Return filing open ho gayi hai. Hum chahte hain ke aap ki Tax Return starting mein hi file kar di jaye, taake tamam details ko properly check kiya ja sake.
FBR ne is baar penalties sakht kar di hain — late return par individual ko Rs. 25,000 tak ka fine ho sakta hai.
Is liye behtar hai ke hum aap ki Tax Return 2026 ki filing abhi kar dein.

Khuda Hafiz,
Salah Ud Din Siddiqui
📞 0317-5211546
C/O Ehtasham Ud Din Siddiqui
📞 0336-0015004
brandex.pk"
169,"Assalam-o-Alaikum,

Dear Client,
Tax Year 2026 ki Tax Return filing open ho gayi hai. Hum chahte hain ke aap ki Tax Return starting mein hi file kar di jaye, taake tamam details ko properly check kiya ja sake.
FBR ne is baar penalties sakht kar di hain — late return par individual ko Rs. 25,000 tak ka fine ho sakta hai.
Aaj hi apni Tax Return 2026 file karwayein aur fikar se azad ho jayein.

Regards,
Salah Ud Din Siddiqui
📞 0317-5211546
C/O Ehtasham Ud Din Siddiqui
📞 0336-0015004
brandex.pk"
170,"Assalam-o-Alaikum,

Dear Client,
Tax Year 2026 ki Tax Return filing open ho gayi hai. Hum chahte hain ke aap ki Tax Return starting mein hi file kar di jaye, taake tamam details ko properly check kiya ja sake.
FBR ne is baar penalties sakht kar di hain — late return par individual ko Rs. 25,000 tak ka fine ho sakta hai.
Aaj hi apni Tax Return 2026 file karwayein aur fikar se azad ho jayein.

Shukriya,
Salah Ud Din Siddiqui
📞 0317-5211546
C/O Ehtasham Ud Din Siddiqui
📞 0336-0015004
brandex.pk"
171,"Assalam-o-Alaikum,

Dear Client,
Tax Year 2026 ki Tax Return filing open ho gayi hai. Hum chahte hain ke aap ki Tax Return starting mein hi file kar di jaye, taake tamam details ko properly check kiya ja sake.
FBR ne is baar penalties sakht kar di hain — late return par individual ko Rs. 25,000 tak ka fine ho sakta hai.
Aaj hi apni Tax Return 2026 file karwayein aur fikar se azad ho jayein.

JazakAllah Khair,
Salah Ud Din Siddiqui
📞 0317-5211546
C/O Ehtasham Ud Din Siddiqui
📞 0336-0015004
brandex.pk"
172,"Assalam-o-Alaikum,

Dear Client,
Tax Year 2026 ki Tax Return filing open ho gayi hai. Hum chahte hain ke aap ki Tax Return starting mein hi file kar di jaye, taake tamam details ko properly check kiya ja sake.
FBR ne is baar penalties sakht kar di hain — late return par individual ko Rs. 25,000 tak ka fine ho sakta hai.
Aaj hi apni Tax Return 2026 file karwayein aur fikar se azad ho jayein.

Shukriya aur Dua Guzar,
Salah Ud Din Siddiqui
📞 0317-5211546
C/O Ehtasham Ud Din Siddiqui
📞 0336-0015004
brandex.pk"
173,"Assalam-o-Alaikum,

Dear Client,
Tax Year 2026 ki Tax Return filing open ho gayi hai. Hum chahte hain ke aap ki Tax Return starting mein hi file kar di jaye, taake tamam details ko properly check kiya ja sake.
FBR ne is baar penalties sakht kar di hain — late return par individual ko Rs. 25,000 tak ka fine ho sakta hai.
Aaj hi apni Tax Return 2026 file karwayein aur fikar se azad ho jayein.

Mumnan,
Salah Ud Din Siddiqui
📞 0317-5211546
C/O Ehtasham Ud Din Siddiqui
📞 0336-0015004
brandex.pk"
174,"Assalam-o-Alaikum,

Dear Client,
Tax Year 2026 ki Tax Return filing open ho gayi hai. Hum chahte hain ke aap ki Tax Return starting mein hi file kar di jaye, taake tamam details ko properly check kiya ja sake.
FBR ne is baar penalties sakht kar di hain — late return par individual ko Rs. 25,000 tak ka fine ho sakta hai.
Aaj hi apni Tax Return 2026 file karwayein aur fikar se azad ho jayein.

Khuda Hafiz,
Salah Ud Din Siddiqui
📞 0317-5211546
C/O Ehtasham Ud Din Siddiqui
📞 0336-0015004
brandex.pk"
175,"Assalam-o-Alaikum,

Dear Client,
Tax Year 2026 ki Tax Return filing open ho gayi hai. Hum chahte hain ke aap ki Tax Return starting mein hi file kar di jaye, taake tamam details ko properly check kiya ja sake.
FBR ne is baar penalties sakht kar di hain — late return par individual ko Rs. 25,000 tak ka fine ho sakta hai.
Isliye hum aap se guzarish karte hain ke filing mein der na karein.

Regards,
Salah Ud Din Siddiqui
📞 0317-5211546
C/O Ehtasham Ud Din Siddiqui
📞 0336-0015004
brandex.pk"
176,"Assalam-o-Alaikum,

Dear Client,
Tax Year 2026 ki Tax Return filing open ho gayi hai. Hum chahte hain ke aap ki Tax Return starting mein hi file kar di jaye, taake tamam details ko properly check kiya ja sake.
FBR ne is baar penalties sakht kar di hain — late return par individual ko Rs. 25,000 tak ka fine ho sakta hai.
Isliye hum aap se guzarish karte hain ke filing mein der na karein.

Shukriya,
Salah Ud Din Siddiqui
📞 0317-5211546
C/O Ehtasham Ud Din Siddiqui
📞 0336-0015004
brandex.pk"
177,"Assalam-o-Alaikum,

Dear Client,
Tax Year 2026 ki Tax Return filing open ho gayi hai. Hum chahte hain ke aap ki Tax Return starting mein hi file kar di jaye, taake tamam details ko properly check kiya ja sake.
FBR ne is baar penalties sakht kar di hain — late return par individual ko Rs. 25,000 tak ka fine ho sakta hai.
Isliye hum aap se guzarish karte hain ke filing mein der na karein.

JazakAllah Khair,
Salah Ud Din Siddiqui
📞 0317-5211546
C/O Ehtasham Ud Din Siddiqui
📞 0336-0015004
brandex.pk"
178,"Assalam-o-Alaikum,

Dear Client,
Tax Year 2026 ki Tax Return filing open ho gayi hai. Hum chahte hain ke aap ki Tax Return starting mein hi file kar di jaye, taake tamam details ko properly check kiya ja sake.
FBR ne is baar penalties sakht kar di hain — late return par individual ko Rs. 25,000 tak ka fine ho sakta hai.
Isliye hum aap se guzarish karte hain ke filing mein der na karein.

Shukriya aur Dua Guzar,
Salah Ud Din Siddiqui
📞 0317-5211546
C/O Ehtasham Ud Din Siddiqui
📞 0336-0015004
brandex.pk"
179,"Assalam-o-Alaikum,

Dear Client,
Tax Year 2026 ki Tax Return filing open ho gayi hai. Hum chahte hain ke aap ki Tax Return starting mein hi file kar di jaye, taake tamam details ko properly check kiya ja sake.
FBR ne is baar penalties sakht kar di hain — late return par individual ko Rs. 25,000 tak ka fine ho sakta hai.
Isliye hum aap se guzarish karte hain ke filing mein der na karein.

Mumnan,
Salah Ud Din Siddiqui
📞 0317-5211546
C/O Ehtasham Ud Din Siddiqui
📞 0336-0015004
brandex.pk"
180,"Assalam-o-Alaikum,

Dear Client,
Tax Year 2026 ki Tax Return filing open ho gayi hai. Hum chahte hain ke aap ki Tax Return starting mein hi file kar di jaye, taake tamam details ko properly check kiya ja sake.
FBR ne is baar penalties sakht kar di hain — late return par individual ko Rs. 25,000 tak ka fine ho sakta hai.
Isliye hum aap se guzarish karte hain ke filing mein der na karein.

Khuda Hafiz,
Salah Ud Din Siddiqui
📞 0317-5211546
C/O Ehtasham Ud Din Siddiqui
📞 0336-0015004
brandex.pk"
181,"Assalam-o-Alaikum,

Dear Client,
Tax Year 2026 ki Tax Return filing open ho gayi hai. Hum chahte hain ke aap ki Tax Return starting mein hi file kar di jaye, taake tamam details ko properly check kiya ja sake.
FBR ne is baar penalties sakht kar di hain — late return par individual ko Rs. 25,000 tak ka fine ho sakta hai.
Hum aap ki madad ke liye tayar hain — abhi batayein aur return file kar dete hain.

Regards,
Salah Ud Din Siddiqui
📞 0317-5211546
C/O Ehtasham Ud Din Siddiqui
📞 0336-0015004
brandex.pk"
182,"Assalam-o-Alaikum,

Dear Client,
Tax Year 2026 ki Tax Return filing open ho gayi hai. Hum chahte hain ke aap ki Tax Return starting mein hi file kar di jaye, taake tamam details ko properly check kiya ja sake.
FBR ne is baar penalties sakht kar di hain — late return par individual ko Rs. 25,000 tak ka fine ho sakta hai.
Hum aap ki madad ke liye tayar hain — abhi batayein aur return file kar dete hain.

Shukriya,
Salah Ud Din Siddiqui
📞 0317-5211546
C/O Ehtasham Ud Din Siddiqui
📞 0336-0015004
brandex.pk"
183,"Assalam-o-Alaikum,

Dear Client,
Tax Year 2026 ki Tax Return filing open ho gayi hai. Hum chahte hain ke aap ki Tax Return starting mein hi file kar di jaye, taake tamam details ko properly check kiya ja sake.
FBR ne is baar penalties sakht kar di hain — late return par individual ko Rs. 25,000 tak ka fine ho sakta hai.
Hum aap ki madad ke liye tayar hain — abhi batayein aur return file kar dete hain.

JazakAllah Khair,
Salah Ud Din Siddiqui
📞 0317-5211546
C/O Ehtasham Ud Din Siddiqui
📞 0336-0015004
brandex.pk"
184,"Assalam-o-Alaikum,

Dear Client,
Tax Year 2026 ki Tax Return filing open ho gayi hai. Hum chahte hain ke aap ki Tax Return starting mein hi file kar di jaye, taake tamam details ko properly check kiya ja sake.
FBR ne is baar penalties sakht kar di hain — late return par individual ko Rs. 25,000 tak ka fine ho sakta hai.
Hum aap ki madad ke liye tayar hain — abhi batayein aur return file kar dete hain.

Shukriya aur Dua Guzar,
Salah Ud Din Siddiqui
📞 0317-5211546
C/O Ehtasham Ud Din Siddiqui
📞 0336-0015004
brandex.pk"
185,"Assalam-o-Alaikum,

Dear Client,
Tax Year 2026 ki Tax Return filing open ho gayi hai. Hum chahte hain ke aap ki Tax Return starting mein hi file kar di jaye, taake tamam details ko properly check kiya ja sake.
FBR ne is baar penalties sakht kar di hain — late return par individual ko Rs. 25,000 tak ka fine ho sakta hai.
Hum aap ki madad ke liye tayar hain — abhi batayein aur return file kar dete hain.

Mumnan,
Salah Ud Din Siddiqui
📞 0317-5211546
C/O Ehtasham Ud Din Siddiqui
📞 0336-0015004
brandex.pk"
186,"Assalam-o-Alaikum,

Dear Client,
Tax Year 2026 ki Tax Return filing open ho gayi hai. Hum chahte hain ke aap ki Tax Return starting mein hi file kar di jaye, taake tamam details ko properly check kiya ja sake.
FBR ne is baar penalties sakht kar di hain — late return par individual ko Rs. 25,000 tak ka fine ho sakta hai.
Hum aap ki madad ke liye tayar hain — abhi batayein aur return file kar dete hain.

Khuda Hafiz,
Salah Ud Din Siddiqui
📞 0317-5211546
C/O Ehtasham Ud Din Siddiqui
📞 0336-0015004
brandex.pk"
187,"Assalam-o-Alaikum,

Dear Client,
Tax Year 2026 ki Tax Return filing open ho gayi hai. Hum chahte hain ke aap ki Tax Return starting mein hi file kar di jaye, taake tamam details ko properly check kiya ja sake.
FBR ne is baar penalties sakht kar di hain — late return par individual ko Rs. 25,000 tak ka fine ho sakta hai.
Behtar yahi hoga ke hum abhi filing complete kar lein, taake baad mein koi tension na ho.

Regards,
Salah Ud Din Siddiqui
📞 0317-5211546
C/O Ehtasham Ud Din Siddiqui
📞 0336-0015004
brandex.pk"
188,"Assalam-o-Alaikum,

Dear Client,
Tax Year 2026 ki Tax Return filing open ho gayi hai. Hum chahte hain ke aap ki Tax Return starting mein hi file kar di jaye, taake tamam details ko properly check kiya ja sake.
FBR ne is baar penalties sakht kar di hain — late return par individual ko Rs. 25,000 tak ka fine ho sakta hai.
Behtar yahi hoga ke hum abhi filing complete kar lein, taake baad mein koi tension na ho.

Shukriya,
Salah Ud Din Siddiqui
📞 0317-5211546
C/O Ehtasham Ud Din Siddiqui
📞 0336-0015004
brandex.pk"
189,"Assalam-o-Alaikum,

Dear Client,
Tax Year 2026 ki Tax Return filing open ho gayi hai. Hum chahte hain ke aap ki Tax Return starting mein hi file kar di jaye, taake tamam details ko properly check kiya ja sake.
FBR ne is baar penalties sakht kar di hain — late return par individual ko Rs. 25,000 tak ka fine ho sakta hai.
Behtar yahi hoga ke hum abhi filing complete kar lein, taake baad mein koi tension na ho.

JazakAllah Khair,
Salah Ud Din Siddiqui
📞 0317-5211546
C/O Ehtasham Ud Din Siddiqui
📞 0336-0015004
brandex.pk"
190,"Assalam-o-Alaikum,

Dear Client,
Tax Year 2026 ki Tax Return filing open ho gayi hai. Hum chahte hain ke aap ki Tax Return starting mein hi file kar di jaye, taake tamam details ko properly check kiya ja sake.
FBR ne is baar penalties sakht kar di hain — late return par individual ko Rs. 25,000 tak ka fine ho sakta hai.
Behtar yahi hoga ke hum abhi filing complete kar lein, taake baad mein koi tension na ho.

Shukriya aur Dua Guzar,
Salah Ud Din Siddiqui
📞 0317-5211546
C/O Ehtasham Ud Din Siddiqui
📞 0336-0015004
brandex.pk"
191,"Assalam-o-Alaikum,

Dear Client,
Tax Year 2026 ki Tax Return filing open ho gayi hai. Hum chahte hain ke aap ki Tax Return starting mein hi file kar di jaye, taake tamam details ko properly check kiya ja sake.
FBR ne is baar penalties sakht kar di hain — late return par individual ko Rs. 25,000 tak ka fine ho sakta hai.
Behtar yahi hoga ke hum abhi filing complete kar lein, taake baad mein koi tension na ho.

Mumnan,
Salah Ud Din Siddiqui
📞 0317-5211546
C/O Ehtasham Ud Din Siddiqui
📞 0336-0015004
brandex.pk"
192,"Assalam-o-Alaikum,

Dear Client,
Tax Year 2026 ki Tax Return filing open ho gayi hai. Hum chahte hain ke aap ki Tax Return starting mein hi file kar di jaye, taake tamam details ko properly check kiya ja sake.
FBR ne is baar penalties sakht kar di hain — late return par individual ko Rs. 25,000 tak ka fine ho sakta hai.
Behtar yahi hoga ke hum abhi filing complete kar lein, taake baad mein koi tension na ho.

Khuda Hafiz,
Salah Ud Din Siddiqui
📞 0317-5211546
C/O Ehtasham Ud Din Siddiqui
📞 0336-0015004
brandex.pk"
193,"Assalam-o-Alaikum,

Dear Client,
Tax Year 2026 ki Tax Return filing open ho gayi hai. Hum chahte hain ke aap ki Tax Return starting mein hi file kar di jaye, taake tamam details ko properly check kiya ja sake.
FBR ne is baar penalties sakht kar di hain — late return par individual ko Rs. 25,000 tak ka fine ho sakta hai.
Apni Tax Return 2026 jaldi file karwa lein — hum poori madad karenge.

Regards,
Salah Ud Din Siddiqui
📞 0317-5211546
C/O Ehtasham Ud Din Siddiqui
📞 0336-0015004
brandex.pk"
194,"Assalam-o-Alaikum,

Dear Client,
Tax Year 2026 ki Tax Return filing open ho gayi hai. Hum chahte hain ke aap ki Tax Return starting mein hi file kar di jaye, taake tamam details ko properly check kiya ja sake.
FBR ne is baar penalties sakht kar di hain — late return par individual ko Rs. 25,000 tak ka fine ho sakta hai.
Apni Tax Return 2026 jaldi file karwa lein — hum poori madad karenge.

Shukriya,
Salah Ud Din Siddiqui
📞 0317-5211546
C/O Ehtasham Ud Din Siddiqui
📞 0336-0015004
brandex.pk"
195,"Assalam-o-Alaikum,

Dear Client,
Tax Year 2026 ki Tax Return filing open ho gayi hai. Hum chahte hain ke aap ki Tax Return starting mein hi file kar di jaye, taake tamam details ko properly check kiya ja sake.
FBR ne is baar penalties sakht kar di hain — late return par individual ko Rs. 25,000 tak ka fine ho sakta hai.
Apni Tax Return 2026 jaldi file karwa lein — hum poori madad karenge.

JazakAllah Khair,
Salah Ud Din Siddiqui
📞 0317-5211546
C/O Ehtasham Ud Din Siddiqui
📞 0336-0015004
brandex.pk"
196,"Assalam-o-Alaikum,

Dear Client,
Tax Year 2026 ki Tax Return filing open ho gayi hai. Hum chahte hain ke aap ki Tax Return starting mein hi file kar di jaye, taake tamam details ko properly check kiya ja sake.
FBR ne is baar penalties sakht kar di hain — late return par individual ko Rs. 25,000 tak ka fine ho sakta hai.
Apni Tax Return 2026 jaldi file karwa lein — hum poori madad karenge.

Shukriya aur Dua Guzar,
Salah Ud Din Siddiqui
📞 0317-5211546
C/O Ehtasham Ud Din Siddiqui
📞 0336-0015004
brandex.pk"
197,"Assalam-o-Alaikum,

Dear Client,
Tax Year 2026 ki Tax Return filing open ho gayi hai. Hum chahte hain ke aap ki Tax Return starting mein hi file kar di jaye, taake tamam details ko properly check kiya ja sake.
FBR ne is baar penalties sakht kar di hain — late return par individual ko Rs. 25,000 tak ka fine ho sakta hai.
Apni Tax Return 2026 jaldi file karwa lein — hum poori madad karenge.

Mumnan,
Salah Ud Din Siddiqui
📞 0317-5211546
C/O Ehtasham Ud Din Siddiqui
📞 0336-0015004
brandex.pk"
198,"Assalam-o-Alaikum,

Dear Client,
Tax Year 2026 ki Tax Return filing open ho gayi hai. Hum chahte hain ke aap ki Tax Return starting mein hi file kar di jaye, taake tamam details ko properly check kiya ja sake.
FBR ne is baar penalties sakht kar di hain — late return par individual ko Rs. 25,000 tak ka fine ho sakta hai.
Apni Tax Return 2026 jaldi file karwa lein — hum poori madad karenge.

Khuda Hafiz,
Salah Ud Din Siddiqui
📞 0317-5211546
C/O Ehtasham Ud Din Siddiqui
📞 0336-0015004
brandex.pk"
199,"Assalam-o-Alaikum,

Dear Client,
Tax Year 2026 ki Tax Return filing open ho gayi hai. Hum chahte hain ke aap ki Tax Return starting mein hi file kar di jaye, taake tamam details ko properly check kiya ja sake.
FBR ne is baar penalties sakht kar di hain — late return par individual ko Rs. 25,000 tak ka fine ho sakta hai.
Please jald se jald humse rabta karein taake aap ki return time par file ho sake.

Regards,
Salah Ud Din Siddiqui
📞 0317-5211546
C/O Ehtasham Ud Din Siddiqui
📞 0336-0015004
brandex.pk"
200,"Assalam-o-Alaikum,

Dear Client,
Tax Year 2026 ki Tax Return filing open ho gayi hai. Hum chahte hain ke aap ki Tax Return starting mein hi file kar di jaye, taake tamam details ko properly check kiya ja sake.
FBR ne is baar penalties sakht kar di hain — late return par individual ko Rs. 25,000 tak ka fine ho sakta hai.
Please jald se jald humse rabta karein taake aap ki return time par file ho sake.

Shukriya,
Salah Ud Din Siddiqui
📞 0317-5211546
C/O Ehtasham Ud Din Siddiqui
📞 0336-0015004
brandex.pk"
201,"Assalam-o-Alaikum,

Dear Client,
Tax Year 2026 ki Tax Return filing open ho gayi hai. Hum chahte hain ke aap ki Tax Return starting mein hi file kar di jaye, taake tamam details ko properly check kiya ja sake.
FBR ne is baar penalties sakht kar di hain — late return par individual ko Rs. 25,000 tak ka fine ho sakta hai.
Please jald se jald humse rabta karein taake aap ki return time par file ho sake.

JazakAllah Khair,
Salah Ud Din Siddiqui
📞 0317-5211546
C/O Ehtasham Ud Din Siddiqui
📞 0336-0015004
brandex.pk"
202,"Assalam-o-Alaikum,

Dear Client,
Tax Year 2026 ki Tax Return filing open ho gayi hai. Hum chahte hain ke aap ki Tax Return starting mein hi file kar di jaye, taake tamam details ko properly check kiya ja sake.
FBR ne is baar penalties sakht kar di hain — late return par individual ko Rs. 25,000 tak ka fine ho sakta hai.
Please jald se jald humse rabta karein taake aap ki return time par file ho sake.

Shukriya aur Dua Guzar,
Salah Ud Din Siddiqui
📞 0317-5211546
C/O Ehtasham Ud Din Siddiqui
📞 0336-0015004
brandex.pk"
203,"Assalam-o-Alaikum,

Dear Client,
Tax Year 2026 ki Tax Return filing open ho gayi hai. Hum chahte hain ke aap ki Tax Return starting mein hi file kar di jaye, taake tamam details ko properly check kiya ja sake.
FBR ne is baar penalties sakht kar di hain — late return par individual ko Rs. 25,000 tak ka fine ho sakta hai.
Please jald se jald humse rabta karein taake aap ki return time par file ho sake.

Mumnan,
Salah Ud Din Siddiqui
📞 0317-5211546
C/O Ehtasham Ud Din Siddiqui
📞 0336-0015004
brandex.pk"
204,"Assalam-o-Alaikum,

Dear Client,
Tax Year 2026 ki Tax Return filing open ho gayi hai. Hum chahte hain ke aap ki Tax Return starting mein hi file kar di jaye, taake tamam details ko properly check kiya ja sake.
FBR ne is baar penalties sakht kar di hain — late return par individual ko Rs. 25,000 tak ka fine ho sakta hai.
Please jald se jald humse rabta karein taake aap ki return time par file ho sake.

Khuda Hafiz,
Salah Ud Din Siddiqui
📞 0317-5211546
C/O Ehtasham Ud Din Siddiqui
📞 0336-0015004
brandex.pk"
205,"Assalam-o-Alaikum,

Dear Client,
Tax Year 2026 ki Tax Return filing open ho gayi hai. Hum chahte hain ke aap ki Tax Return starting mein hi file kar di jaye, taake tamam details ko properly check kiya ja sake.
FBR ne is baar penalties sakht kar di hain — late return par individual ko Rs. 25,000 tak ka fine ho sakta hai.
Hum aap ki service ke liye available hain — abhi contact karein aur filing complete karein.

Regards,
Salah Ud Din Siddiqui
📞 0317-5211546
C/O Ehtasham Ud Din Siddiqui
📞 0336-0015004
brandex.pk"
206,"Assalam-o-Alaikum,

Dear Client,
Tax Year 2026 ki Tax Return filing open ho gayi hai. Hum chahte hain ke aap ki Tax Return starting mein hi file kar di jaye, taake tamam details ko properly check kiya ja sake.
FBR ne is baar penalties sakht kar di hain — late return par individual ko Rs. 25,000 tak ka fine ho sakta hai.
Hum aap ki service ke liye available hain — abhi contact karein aur filing complete karein.

Shukriya,
Salah Ud Din Siddiqui
📞 0317-5211546
C/O Ehtasham Ud Din Siddiqui
📞 0336-0015004
brandex.pk"
207,"Assalam-o-Alaikum,

Dear Client,
Tax Year 2026 ki Tax Return filing open ho gayi hai. Hum chahte hain ke aap ki Tax Return starting mein hi file kar di jaye, taake tamam details ko properly check kiya ja sake.
FBR ne is baar penalties sakht kar di hain — late return par individual ko Rs. 25,000 tak ka fine ho sakta hai.
Hum aap ki service ke liye available hain — abhi contact karein aur filing complete karein.

JazakAllah Khair,
Salah Ud Din Siddiqui
📞 0317-5211546
C/O Ehtasham Ud Din Siddiqui
📞 0336-0015004
brandex.pk"
208,"Assalam-o-Alaikum,

Dear Client,
Tax Year 2026 ki Tax Return filing open ho gayi hai. Hum chahte hain ke aap ki Tax Return starting mein hi file kar di jaye, taake tamam details ko properly check kiya ja sake.
FBR ne is baar penalties sakht kar di hain — late return par individual ko Rs. 25,000 tak ka fine ho sakta hai.
Hum aap ki service ke liye available hain — abhi contact karein aur filing complete karein.

Shukriya aur Dua Guzar,
Salah Ud Din Siddiqui
📞 0317-5211546
C/O Ehtasham Ud Din Siddiqui
📞 0336-0015004
brandex.pk"
209,"Assalam-o-Alaikum,

Dear Client,
Tax Year 2026 ki Tax Return filing open ho gayi hai. Hum chahte hain ke aap ki Tax Return starting mein hi file kar di jaye, taake tamam details ko properly check kiya ja sake.
FBR ne is baar penalties sakht kar di hain — late return par individual ko Rs. 25,000 tak ka fine ho sakta hai.
Hum aap ki service ke liye available hain — abhi contact karein aur filing complete karein.

Mumnan,
Salah Ud Din Siddiqui
📞 0317-5211546
C/O Ehtasham Ud Din Siddiqui
📞 0336-0015004
brandex.pk"
210,"Assalam-o-Alaikum,

Dear Client,
Tax Year 2026 ki Tax Return filing open ho gayi hai. Hum chahte hain ke aap ki Tax Return starting mein hi file kar di jaye, taake tamam details ko properly check kiya ja sake.
FBR ne is baar penalties sakht kar di hain — late return par individual ko Rs. 25,000 tak ka fine ho sakta hai.
Hum aap ki service ke liye available hain — abhi contact karein aur filing complete karein.

Khuda Hafiz,
Salah Ud Din Siddiqui
📞 0317-5211546
C/O Ehtasham Ud Din Siddiqui
📞 0336-0015004
brandex.pk"
211,"Assalam-o-Alaikum,

Dear Client,
Tax Year 2026 ki Tax Return filing open ho gayi hai. Hum chahte hain ke aap ki Tax Return starting mein hi file kar di jaye, taake tamam details ko properly check kiya ja sake.
FBR ne is baar penalties sakht kar di hain — late return par individual ko Rs. 25,000 tak ka fine ho sakta hai.
Der na karein, hum se rabta karein aur apni Tax Return 2026 abhi file karwa lein.

Regards,
Salah Ud Din Siddiqui
📞 0317-5211546
C/O Ehtasham Ud Din Siddiqui
📞 0336-0015004
brandex.pk"
212,"Assalam-o-Alaikum,

Dear Client,
Tax Year 2026 ki Tax Return filing open ho gayi hai. Hum chahte hain ke aap ki Tax Return starting mein hi file kar di jaye, taake tamam details ko properly check kiya ja sake.
FBR ne is baar penalties sakht kar di hain — late return par individual ko Rs. 25,000 tak ka fine ho sakta hai.
Der na karein, hum se rabta karein aur apni Tax Return 2026 abhi file karwa lein.

Shukriya,
Salah Ud Din Siddiqui
📞 0317-5211546
C/O Ehtasham Ud Din Siddiqui
📞 0336-0015004
brandex.pk"
213,"Assalam-o-Alaikum,

Dear Client,
Tax Year 2026 ki Tax Return filing open ho gayi hai. Hum chahte hain ke aap ki Tax Return starting mein hi file kar di jaye, taake tamam details ko properly check kiya ja sake.
FBR ne is baar penalties sakht kar di hain — late return par individual ko Rs. 25,000 tak ka fine ho sakta hai.
Der na karein, hum se rabta karein aur apni Tax Return 2026 abhi file karwa lein.

JazakAllah Khair,
Salah Ud Din Siddiqui
📞 0317-5211546
C/O Ehtasham Ud Din Siddiqui
📞 0336-0015004
brandex.pk"
214,"Assalam-o-Alaikum,

Dear Client,
Tax Year 2026 ki Tax Return filing open ho gayi hai. Hum chahte hain ke aap ki Tax Return starting mein hi file kar di jaye, taake tamam details ko properly check kiya ja sake.
FBR ne is baar penalties sakht kar di hain — late return par individual ko Rs. 25,000 tak ka fine ho sakta hai.
Der na karein, hum se rabta karein aur apni Tax Return 2026 abhi file karwa lein.

Shukriya aur Dua Guzar,
Salah Ud Din Siddiqui
📞 0317-5211546
C/O Ehtasham Ud Din Siddiqui
📞 0336-0015004
brandex.pk"
215,"Assalam-o-Alaikum,

Dear Client,
Tax Year 2026 ki Tax Return filing open ho gayi hai. Hum chahte hain ke aap ki Tax Return starting mein hi file kar di jaye, taake tamam details ko properly check kiya ja sake.
FBR ne is baar penalties sakht kar di hain — late return par individual ko Rs. 25,000 tak ka fine ho sakta hai.
Der na karein, hum se rabta karein aur apni Tax Return 2026 abhi file karwa lein.

Mumnan,
Salah Ud Din Siddiqui
📞 0317-5211546
C/O Ehtasham Ud Din Siddiqui
📞 0336-0015004
brandex.pk"
216,"Assalam-o-Alaikum,

Dear Client,
Tax Year 2026 ki Tax Return filing open ho gayi hai. Hum chahte hain ke aap ki Tax Return starting mein hi file kar di jaye, taake tamam details ko properly check kiya ja sake.
FBR ne is baar penalties sakht kar di hain — late return par individual ko Rs. 25,000 tak ka fine ho sakta hai.
Der na karein, hum se rabta karein aur apni Tax Return 2026 abhi file karwa lein.

Khuda Hafiz,
Salah Ud Din Siddiqui
📞 0317-5211546
C/O Ehtasham Ud Din Siddiqui
📞 0336-0015004
brandex.pk"
217,"Assalam-o-Alaikum,

Dear Client,
Tax Year 2026 ki Tax Return filing open ho gayi hai. Hum chahte hain ke aap ki Tax Return starting mein hi file kar di jaye, taake tamam details ko properly check kiya ja sake.
Tax laws mein nayi tabdeeliyan aai hain; late filing par penalty Rs. 25,000 tak ja sakti hai.
Is liye behtar hai ke hum aap ki Tax Return 2026 ki filing abhi kar dein.

Regards,
Salah Ud Din Siddiqui
📞 0317-5211546
C/O Ehtasham Ud Din Siddiqui
📞 0336-0015004
brandex.pk"
218,"Assalam-o-Alaikum,

Dear Client,
Tax Year 2026 ki Tax Return filing open ho gayi hai. Hum chahte hain ke aap ki Tax Return starting mein hi file kar di jaye, taake tamam details ko properly check kiya ja sake.
Tax laws mein nayi tabdeeliyan aai hain; late filing par penalty Rs. 25,000 tak ja sakti hai.
Is liye behtar hai ke hum aap ki Tax Return 2026 ki filing abhi kar dein.

Shukriya,
Salah Ud Din Siddiqui
📞 0317-5211546
C/O Ehtasham Ud Din Siddiqui
📞 0336-0015004
brandex.pk"
219,"Assalam-o-Alaikum,

Dear Client,
Tax Year 2026 ki Tax Return filing open ho gayi hai. Hum chahte hain ke aap ki Tax Return starting mein hi file kar di jaye, taake tamam details ko properly check kiya ja sake.
Tax laws mein nayi tabdeeliyan aai hain; late filing par penalty Rs. 25,000 tak ja sakti hai.
Is liye behtar hai ke hum aap ki Tax Return 2026 ki filing abhi kar dein.

JazakAllah Khair,
Salah Ud Din Siddiqui
📞 0317-5211546
C/O Ehtasham Ud Din Siddiqui
📞 0336-0015004
brandex.pk"
220,"Assalam-o-Alaikum,

Dear Client,
Tax Year 2026 ki Tax Return filing open ho gayi hai. Hum chahte hain ke aap ki Tax Return starting mein hi file kar di jaye, taake tamam details ko properly check kiya ja sake.
Tax laws mein nayi tabdeeliyan aai hain; late filing par penalty Rs. 25,000 tak ja sakti hai.
Is liye behtar hai ke hum aap ki Tax Return 2026 ki filing abhi kar dein.

Shukriya aur Dua Guzar,
Salah Ud Din Siddiqui
📞 0317-5211546
C/O Ehtasham Ud Din Siddiqui
📞 0336-0015004
brandex.pk"
221,"Assalam-o-Alaikum,

Dear Client,
Tax Year 2026 ki Tax Return filing open ho gayi hai. Hum chahte hain ke aap ki Tax Return starting mein hi file kar di jaye, taake tamam details ko properly check kiya ja sake.
Tax laws mein nayi tabdeeliyan aai hain; late filing par penalty Rs. 25,000 tak ja sakti hai.
Is liye behtar hai ke hum aap ki Tax Return 2026 ki filing abhi kar dein.

Mumnan,
Salah Ud Din Siddiqui
📞 0317-5211546
C/O Ehtasham Ud Din Siddiqui
📞 0336-0015004
brandex.pk"
222,"Assalam-o-Alaikum,

Dear Client,
Tax Year 2026 ki Tax Return filing open ho gayi hai. Hum chahte hain ke aap ki Tax Return starting mein hi file kar di jaye, taake tamam details ko properly check kiya ja sake.
Tax laws mein nayi tabdeeliyan aai hain; late filing par penalty Rs. 25,000 tak ja sakti hai.
Is liye behtar hai ke hum aap ki Tax Return 2026 ki filing abhi kar dein.

Khuda Hafiz,
Salah Ud Din Siddiqui
📞 0317-5211546
C/O Ehtasham Ud Din Siddiqui
📞 0336-0015004
brandex.pk"
223,"Assalam-o-Alaikum,

Dear Client,
Tax Year 2026 ki Tax Return filing open ho gayi hai. Hum chahte hain ke aap ki Tax Return starting mein hi file kar di jaye, taake tamam details ko properly check kiya ja sake.
Tax laws mein nayi tabdeeliyan aai hain; late filing par penalty Rs. 25,000 tak ja sakti hai.
Aaj hi apni Tax Return 2026 file karwayein aur fikar se azad ho jayein.

Regards,
Salah Ud Din Siddiqui
📞 0317-5211546
C/O Ehtasham Ud Din Siddiqui
📞 0336-0015004
brandex.pk"
224,"Assalam-o-Alaikum,

Dear Client,
Tax Year 2026 ki Tax Return filing open ho gayi hai. Hum chahte hain ke aap ki Tax Return starting mein hi file kar di jaye, taake tamam details ko properly check kiya ja sake.
Tax laws mein nayi tabdeeliyan aai hain; late filing par penalty Rs. 25,000 tak ja sakti hai.
Aaj hi apni Tax Return 2026 file karwayein aur fikar se azad ho jayein.

Shukriya,
Salah Ud Din Siddiqui
📞 0317-5211546
C/O Ehtasham Ud Din Siddiqui
📞 0336-0015004
brandex.pk"
225,"Assalam-o-Alaikum,

Dear Client,
Tax Year 2026 ki Tax Return filing open ho gayi hai. Hum chahte hain ke aap ki Tax Return starting mein hi file kar di jaye, taake tamam details ko properly check kiya ja sake.
Tax laws mein nayi tabdeeliyan aai hain; late filing par penalty Rs. 25,000 tak ja sakti hai.
Aaj hi apni Tax Return 2026 file karwayein aur fikar se azad ho jayein.

JazakAllah Khair,
Salah Ud Din Siddiqui
📞 0317-5211546
C/O Ehtasham Ud Din Siddiqui
📞 0336-0015004
brandex.pk"
226,"Assalam-o-Alaikum,

Dear Client,
Tax Year 2026 ki Tax Return filing open ho gayi hai. Hum chahte hain ke aap ki Tax Return starting mein hi file kar di jaye, taake tamam details ko properly check kiya ja sake.
Tax laws mein nayi tabdeeliyan aai hain; late filing par penalty Rs. 25,000 tak ja sakti hai.
Aaj hi apni Tax Return 2026 file karwayein aur fikar se azad ho jayein.

Shukriya aur Dua Guzar,
Salah Ud Din Siddiqui
📞 0317-5211546
C/O Ehtasham Ud Din Siddiqui
📞 0336-0015004
brandex.pk"
227,"Assalam-o-Alaikum,

Dear Client,
Tax Year 2026 ki Tax Return filing open ho gayi hai. Hum chahte hain ke aap ki Tax Return starting mein hi file kar di jaye, taake tamam details ko properly check kiya ja sake.
Tax laws mein nayi tabdeeliyan aai hain; late filing par penalty Rs. 25,000 tak ja sakti hai.
Aaj hi apni Tax Return 2026 file karwayein aur fikar se azad ho jayein.

Mumnan,
Salah Ud Din Siddiqui
📞 0317-5211546
C/O Ehtasham Ud Din Siddiqui
📞 0336-0015004
brandex.pk"
228,"Assalam-o-Alaikum,

Dear Client,
Tax Year 2026 ki Tax Return filing open ho gayi hai. Hum chahte hain ke aap ki Tax Return starting mein hi file kar di jaye, taake tamam details ko properly check kiya ja sake.
Tax laws mein nayi tabdeeliyan aai hain; late filing par penalty Rs. 25,000 tak ja sakti hai.
Aaj hi apni Tax Return 2026 file karwayein aur fikar se azad ho jayein.

Khuda Hafiz,
Salah Ud Din Siddiqui
📞 0317-5211546
C/O Ehtasham Ud Din Siddiqui
📞 0336-0015004
brandex.pk"
229,"Assalam-o-Alaikum,

Dear Client,
Tax Year 2026 ki Tax Return filing open ho gayi hai. Hum chahte hain ke aap ki Tax Return starting mein hi file kar di jaye, taake tamam details ko properly check kiya ja sake.
Tax laws mein nayi tabdeeliyan aai hain; late filing par penalty Rs. 25,000 tak ja sakti hai.
Isliye hum aap se guzarish karte hain ke filing mein der na karein.

Regards,
Salah Ud Din Siddiqui
📞 0317-5211546
C/O Ehtasham Ud Din Siddiqui
📞 0336-0015004
brandex.pk"
230,"Assalam-o-Alaikum,

Dear Client,
Tax Year 2026 ki Tax Return filing open ho gayi hai. Hum chahte hain ke aap ki Tax Return starting mein hi file kar di jaye, taake tamam details ko properly check kiya ja sake.
Tax laws mein nayi tabdeeliyan aai hain; late filing par penalty Rs. 25,000 tak ja sakti hai.
Isliye hum aap se guzarish karte hain ke filing mein der na karein.

Shukriya,
Salah Ud Din Siddiqui
📞 0317-5211546
C/O Ehtasham Ud Din Siddiqui
📞 0336-0015004
brandex.pk"
231,"Assalam-o-Alaikum,

Dear Client,
Tax Year 2026 ki Tax Return filing open ho gayi hai. Hum chahte hain ke aap ki Tax Return starting mein hi file kar di jaye, taake tamam details ko properly check kiya ja sake.
Tax laws mein nayi tabdeeliyan aai hain; late filing par penalty Rs. 25,000 tak ja sakti hai.
Isliye hum aap se guzarish karte hain ke filing mein der na karein.

JazakAllah Khair,
Salah Ud Din Siddiqui
📞 0317-5211546
C/O Ehtasham Ud Din Siddiqui
📞 0336-0015004
brandex.pk"
232,"Assalam-o-Alaikum,

Dear Client,
Tax Year 2026 ki Tax Return filing open ho gayi hai. Hum chahte hain ke aap ki Tax Return starting mein hi file kar di jaye, taake tamam details ko properly check kiya ja sake.
Tax laws mein nayi tabdeeliyan aai hain; late filing par penalty Rs. 25,000 tak ja sakti hai.
Isliye hum aap se guzarish karte hain ke filing mein der na karein.

Shukriya aur Dua Guzar,
Salah Ud Din Siddiqui
📞 0317-5211546
C/O Ehtasham Ud Din Siddiqui
📞 0336-0015004
brandex.pk"
233,"Assalam-o-Alaikum,

Dear Client,
Tax Year 2026 ki Tax Return filing open ho gayi hai. Hum chahte hain ke aap ki Tax Return starting mein hi file kar di jaye, taake tamam details ko properly check kiya ja sake.
Tax laws mein nayi tabdeeliyan aai hain; late filing par penalty Rs. 25,000 tak ja sakti hai.
Isliye hum aap se guzarish karte hain ke filing mein der na karein.

Mumnan,
Salah Ud Din Siddiqui
📞 0317-5211546
C/O Ehtasham Ud Din Siddiqui
📞 0336-0015004
brandex.pk"
234,"Assalam-o-Alaikum,

Dear Client,
Tax Year 2026 ki Tax Return filing open ho gayi hai. Hum chahte hain ke aap ki Tax Return starting mein hi file kar di jaye, taake tamam details ko properly check kiya ja sake.
Tax laws mein nayi tabdeeliyan aai hain; late filing par penalty Rs. 25,000 tak ja sakti hai.
Isliye hum aap se guzarish karte hain ke filing mein der na karein.

Khuda Hafiz,
Salah Ud Din Siddiqui
📞 0317-5211546
C/O Ehtasham Ud Din Siddiqui
📞 0336-0015004
brandex.pk"
235,"Assalam-o-Alaikum,

Dear Client,
Tax Year 2026 ki Tax Return filing open ho gayi hai. Hum chahte hain ke aap ki Tax Return starting mein hi file kar di jaye, taake tamam details ko properly check kiya ja sake.
Tax laws mein nayi tabdeeliyan aai hain; late filing par penalty Rs. 25,000 tak ja sakti hai.
Hum aap ki madad ke liye tayar hain — abhi batayein aur return file kar dete hain.

Regards,
Salah Ud Din Siddiqui
📞 0317-5211546
C/O Ehtasham Ud Din Siddiqui
📞 0336-0015004
brandex.pk"
236,"Assalam-o-Alaikum,

Dear Client,
Tax Year 2026 ki Tax Return filing open ho gayi hai. Hum chahte hain ke aap ki Tax Return starting mein hi file kar di jaye, taake tamam details ko properly check kiya ja sake.
Tax laws mein nayi tabdeeliyan aai hain; late filing par penalty Rs. 25,000 tak ja sakti hai.
Hum aap ki madad ke liye tayar hain — abhi batayein aur return file kar dete hain.

Shukriya,
Salah Ud Din Siddiqui
📞 0317-5211546
C/O Ehtasham Ud Din Siddiqui
📞 0336-0015004
brandex.pk"
237,"Assalam-o-Alaikum,

Dear Client,
Tax Year 2026 ki Tax Return filing open ho gayi hai. Hum chahte hain ke aap ki Tax Return starting mein hi file kar di jaye, taake tamam details ko properly check kiya ja sake.
Tax laws mein nayi tabdeeliyan aai hain; late filing par penalty Rs. 25,000 tak ja sakti hai.
Hum aap ki madad ke liye tayar hain — abhi batayein aur return file kar dete hain.

JazakAllah Khair,
Salah Ud Din Siddiqui
📞 0317-5211546
C/O Ehtasham Ud Din Siddiqui
📞 0336-0015004
brandex.pk"
238,"Assalam-o-Alaikum,

Dear Client,
Tax Year 2026 ki Tax Return filing open ho gayi hai. Hum chahte hain ke aap ki Tax Return starting mein hi file kar di jaye, taake tamam details ko properly check kiya ja sake.
Tax laws mein nayi tabdeeliyan aai hain; late filing par penalty Rs. 25,000 tak ja sakti hai.
Hum aap ki madad ke liye tayar hain — abhi batayein aur return file kar dete hain.

Shukriya aur Dua Guzar,
Salah Ud Din Siddiqui
📞 0317-5211546
C/O Ehtasham Ud Din Siddiqui
📞 0336-0015004
brandex.pk"
239,"Assalam-o-Alaikum,

Dear Client,
Tax Year 2026 ki Tax Return filing open ho gayi hai. Hum chahte hain ke aap ki Tax Return starting mein hi file kar di jaye, taake tamam details ko properly check kiya ja sake.
Tax laws mein nayi tabdeeliyan aai hain; late filing par penalty Rs. 25,000 tak ja sakti hai.
Hum aap ki madad ke liye tayar hain — abhi batayein aur return file kar dete hain.

Mumnan,
Salah Ud Din Siddiqui
📞 0317-5211546
C/O Ehtasham Ud Din Siddiqui
📞 0336-0015004
brandex.pk"
240,"Assalam-o-Alaikum,

Dear Client,
Tax Year 2026 ki Tax Return filing open ho gayi hai. Hum chahte hain ke aap ki Tax Return starting mein hi file kar di jaye, taake tamam details ko properly check kiya ja sake.
Tax laws mein nayi tabdeeliyan aai hain; late filing par penalty Rs. 25,000 tak ja sakti hai.
Hum aap ki madad ke liye tayar hain — abhi batayein aur return file kar dete hain.

Khuda Hafiz,
Salah Ud Din Siddiqui
📞 0317-5211546
C/O Ehtasham Ud Din Siddiqui
📞 0336-0015004
brandex.pk"
241,"Assalam-o-Alaikum,

Dear Client,
Tax Year 2026 ki Tax Return filing open ho gayi hai. Hum chahte hain ke aap ki Tax Return starting mein hi file kar di jaye, taake tamam details ko properly check kiya ja sake.
Tax laws mein nayi tabdeeliyan aai hain; late filing par penalty Rs. 25,000 tak ja sakti hai.
Behtar yahi hoga ke hum abhi filing complete kar lein, taake baad mein koi tension na ho.

Regards,
Salah Ud Din Siddiqui
📞 0317-5211546
C/O Ehtasham Ud Din Siddiqui
📞 0336-0015004
brandex.pk"
242,"Assalam-o-Alaikum,

Dear Client,
Tax Year 2026 ki Tax Return filing open ho gayi hai. Hum chahte hain ke aap ki Tax Return starting mein hi file kar di jaye, taake tamam details ko properly check kiya ja sake.
Tax laws mein nayi tabdeeliyan aai hain; late filing par penalty Rs. 25,000 tak ja sakti hai.
Behtar yahi hoga ke hum abhi filing complete kar lein, taake baad mein koi tension na ho.

Shukriya,
Salah Ud Din Siddiqui
📞 0317-5211546
C/O Ehtasham Ud Din Siddiqui
📞 0336-0015004
brandex.pk"
243,"Assalam-o-Alaikum,

Dear Client,
Tax Year 2026 ki Tax Return filing open ho gayi hai. Hum chahte hain ke aap ki Tax Return starting mein hi file kar di jaye, taake tamam details ko properly check kiya ja sake.
Tax laws mein nayi tabdeeliyan aai hain; late filing par penalty Rs. 25,000 tak ja sakti hai.
Behtar yahi hoga ke hum abhi filing complete kar lein, taake baad mein koi tension na ho.

JazakAllah Khair,
Salah Ud Din Siddiqui
📞 0317-5211546
C/O Ehtasham Ud Din Siddiqui
📞 0336-0015004
brandex.pk"
244,"Assalam-o-Alaikum,

Dear Client,
Tax Year 2026 ki Tax Return filing open ho gayi hai. Hum chahte hain ke aap ki Tax Return starting mein hi file kar di jaye, taake tamam details ko properly check kiya ja sake.
Tax laws mein nayi tabdeeliyan aai hain; late filing par penalty Rs. 25,000 tak ja sakti hai.
Behtar yahi hoga ke hum abhi filing complete kar lein, taake baad mein koi tension na ho.

Shukriya aur Dua Guzar,
Salah Ud Din Siddiqui
📞 0317-5211546
C/O Ehtasham Ud Din Siddiqui
📞 0336-0015004
brandex.pk"
245,"Assalam-o-Alaikum,

Dear Client,
Tax Year 2026 ki Tax Return filing open ho gayi hai. Hum chahte hain ke aap ki Tax Return starting mein hi file kar di jaye, taake tamam details ko properly check kiya ja sake.
Tax laws mein nayi tabdeeliyan aai hain; late filing par penalty Rs. 25,000 tak ja sakti hai.
Behtar yahi hoga ke hum abhi filing complete kar lein, taake baad mein koi tension na ho.

Mumnan,
Salah Ud Din Siddiqui
📞 0317-5211546
C/O Ehtasham Ud Din Siddiqui
📞 0336-0015004
brandex.pk"
246,"Assalam-o-Alaikum,

Dear Client,
Tax Year 2026 ki Tax Return filing open ho gayi hai. Hum chahte hain ke aap ki Tax Return starting mein hi file kar di jaye, taake tamam details ko properly check kiya ja sake.
Tax laws mein nayi tabdeeliyan aai hain; late filing par penalty Rs. 25,000 tak ja sakti hai.
Behtar yahi hoga ke hum abhi filing complete kar lein, taake baad mein koi tension na ho.

Khuda Hafiz,
Salah Ud Din Siddiqui
📞 0317-5211546
C/O Ehtasham Ud Din Siddiqui
📞 0336-0015004
brandex.pk"
247,"Assalam-o-Alaikum,

Dear Client,
Tax Year 2026 ki Tax Return filing open ho gayi hai. Hum chahte hain ke aap ki Tax Return starting mein hi file kar di jaye, taake tamam details ko properly check kiya ja sake.
Tax laws mein nayi tabdeeliyan aai hain; late filing par penalty Rs. 25,000 tak ja sakti hai.
Apni Tax Return 2026 jaldi file karwa lein — hum poori madad karenge.

Regards,
Salah Ud Din Siddiqui
📞 0317-5211546
C/O Ehtasham Ud Din Siddiqui
📞 0336-0015004
brandex.pk"
248,"Assalam-o-Alaikum,

Dear Client,
Tax Year 2026 ki Tax Return filing open ho gayi hai. Hum chahte hain ke aap ki Tax Return starting mein hi file kar di jaye, taake tamam details ko properly check kiya ja sake.
Tax laws mein nayi tabdeeliyan aai hain; late filing par penalty Rs. 25,000 tak ja sakti hai.
Apni Tax Return 2026 jaldi file karwa lein — hum poori madad karenge.

Shukriya,
Salah Ud Din Siddiqui
📞 0317-5211546
C/O Ehtasham Ud Din Siddiqui
📞 0336-0015004
brandex.pk"
249,"Assalam-o-Alaikum,

Dear Client,
Tax Year 2026 ki Tax Return filing open ho gayi hai. Hum chahte hain ke aap ki Tax Return starting mein hi file kar di jaye, taake tamam details ko properly check kiya ja sake.
Tax laws mein nayi tabdeeliyan aai hain; late filing par penalty Rs. 25,000 tak ja sakti hai.
Apni Tax Return 2026 jaldi file karwa lein — hum poori madad karenge.

JazakAllah Khair,
Salah Ud Din Siddiqui
📞 0317-5211546
C/O Ehtasham Ud Din Siddiqui
📞 0336-0015004
brandex.pk"
250,"Assalam-o-Alaikum,

Dear Client,
Tax Year 2026 ki Tax Return filing open ho gayi hai. Hum chahte hain ke aap ki Tax Return starting mein hi file kar di jaye, taake tamam details ko properly check kiya ja sake.
Tax laws mein nayi tabdeeliyan aai hain; late filing par penalty Rs. 25,000 tak ja sakti hai.
Apni Tax Return 2026 jaldi file karwa lein — hum poori madad karenge.

Shukriya aur Dua Guzar,
Salah Ud Din Siddiqui
📞 0317-5211546
C/O Ehtasham Ud Din Siddiqui
📞 0336-0015004
brandex.pk"
251,"Assalam-o-Alaikum,

Dear Client,
Tax Year 2026 ki Tax Return filing open ho gayi hai. Hum chahte hain ke aap ki Tax Return starting mein hi file kar di jaye, taake tamam details ko properly check kiya ja sake.
Tax laws mein nayi tabdeeliyan aai hain; late filing par penalty Rs. 25,000 tak ja sakti hai.
Apni Tax Return 2026 jaldi file karwa lein — hum poori madad karenge.

Mumnan,
Salah Ud Din Siddiqui
📞 0317-5211546
C/O Ehtasham Ud Din Siddiqui
📞 0336-0015004
brandex.pk"
252,"Assalam-o-Alaikum,

Dear Client,
Tax Year 2026 ki Tax Return filing open ho gayi hai. Hum chahte hain ke aap ki Tax Return starting mein hi file kar di jaye, taake tamam details ko properly check kiya ja sake.
Tax laws mein nayi tabdeeliyan aai hain; late filing par penalty Rs. 25,000 tak ja sakti hai.
Apni Tax Return 2026 jaldi file karwa lein — hum poori madad karenge.

Khuda Hafiz,
Salah Ud Din Siddiqui
📞 0317-5211546
C/O Ehtasham Ud Din Siddiqui
📞 0336-0015004
brandex.pk"
253,"Assalam-o-Alaikum,

Dear Client,
Tax Year 2026 ki Tax Return filing open ho gayi hai. Hum chahte hain ke aap ki Tax Return starting mein hi file kar di jaye, taake tamam details ko properly check kiya ja sake.
Tax laws mein nayi tabdeeliyan aai hain; late filing par penalty Rs. 25,000 tak ja sakti hai.
Please jald se jald humse rabta karein taake aap ki return time par file ho sake.

Regards,
Salah Ud Din Siddiqui
📞 0317-5211546
C/O Ehtasham Ud Din Siddiqui
📞 0336-0015004
brandex.pk"
254,"Assalam-o-Alaikum,

Dear Client,
Tax Year 2026 ki Tax Return filing open ho gayi hai. Hum chahte hain ke aap ki Tax Return starting mein hi file kar di jaye, taake tamam details ko properly check kiya ja sake.
Tax laws mein nayi tabdeeliyan aai hain; late filing par penalty Rs. 25,000 tak ja sakti hai.
Please jald se jald humse rabta karein taake aap ki return time par file ho sake.

Shukriya,
Salah Ud Din Siddiqui
📞 0317-5211546
C/O Ehtasham Ud Din Siddiqui
📞 0336-0015004
brandex.pk"
255,"Assalam-o-Alaikum,

Dear Client,
Tax Year 2026 ki Tax Return filing open ho gayi hai. Hum chahte hain ke aap ki Tax Return starting mein hi file kar di jaye, taake tamam details ko properly check kiya ja sake.
Tax laws mein nayi tabdeeliyan aai hain; late filing par penalty Rs. 25,000 tak ja sakti hai.
Please jald se jald humse rabta karein taake aap ki return time par file ho sake.

JazakAllah Khair,
Salah Ud Din Siddiqui
📞 0317-5211546
C/O Ehtasham Ud Din Siddiqui
📞 0336-0015004
brandex.pk"
256,"Assalam-o-Alaikum,

Dear Client,
Tax Year 2026 ki Tax Return filing open ho gayi hai. Hum chahte hain ke aap ki Tax Return starting mein hi file kar di jaye, taake tamam details ko properly check kiya ja sake.
Tax laws mein nayi tabdeeliyan aai hain; late filing par penalty Rs. 25,000 tak ja sakti hai.
Please jald se jald humse rabta karein taake aap ki return time par file ho sake.

Shukriya aur Dua Guzar,
Salah Ud Din Siddiqui
📞 0317-5211546
C/O Ehtasham Ud Din Siddiqui
📞 0336-0015004
brandex.pk"
257,"Assalam-o-Alaikum,

Dear Client,
Tax Year 2026 ki Tax Return filing open ho gayi hai. Hum chahte hain ke aap ki Tax Return starting mein hi file kar di jaye, taake tamam details ko properly check kiya ja sake.
Tax laws mein nayi tabdeeliyan aai hain; late filing par penalty Rs. 25,000 tak ja sakti hai.
Please jald se jald humse rabta karein taake aap ki return time par file ho sake.

Mumnan,
Salah Ud Din Siddiqui
📞 0317-5211546
C/O Ehtasham Ud Din Siddiqui
📞 0336-0015004
brandex.pk"
258,"Assalam-o-Alaikum,

Dear Client,
Tax Year 2026 ki Tax Return filing open ho gayi hai. Hum chahte hain ke aap ki Tax Return starting mein hi file kar di jaye, taake tamam details ko properly check kiya ja sake.
Tax laws mein nayi tabdeeliyan aai hain; late filing par penalty Rs. 25,000 tak ja sakti hai.
Please jald se jald humse rabta karein taake aap ki return time par file ho sake.

Khuda Hafiz,
Salah Ud Din Siddiqui
📞 0317-5211546
C/O Ehtasham Ud Din Siddiqui
📞 0336-0015004
brandex.pk"
259,"Assalam-o-Alaikum,

Dear Client,
Tax Year 2026 ki Tax Return filing open ho gayi hai. Hum chahte hain ke aap ki Tax Return starting mein hi file kar di jaye, taake tamam details ko properly check kiya ja sake.
Tax laws mein nayi tabdeeliyan aai hain; late filing par penalty Rs. 25,000 tak ja sakti hai.
Hum aap ki service ke liye available hain — abhi contact karein aur filing complete karein.

Regards,
Salah Ud Din Siddiqui
📞 0317-5211546
C/O Ehtasham Ud Din Siddiqui
📞 0336-0015004
brandex.pk"
260,"Assalam-o-Alaikum,

Dear Client,
Tax Year 2026 ki Tax Return filing open ho gayi hai. Hum chahte hain ke aap ki Tax Return starting mein hi file kar di jaye, taake tamam details ko properly check kiya ja sake.
Tax laws mein nayi tabdeeliyan aai hain; late filing par penalty Rs. 25,000 tak ja sakti hai.
Hum aap ki service ke liye available hain — abhi contact karein aur filing complete karein.

Shukriya,
Salah Ud Din Siddiqui
📞 0317-5211546
C/O Ehtasham Ud Din Siddiqui
📞 0336-0015004
brandex.pk"
261,"Assalam-o-Alaikum,

Dear Client,
Tax Year 2026 ki Tax Return filing open ho gayi hai. Hum chahte hain ke aap ki Tax Return starting mein hi file kar di jaye, taake tamam details ko properly check kiya ja sake.
Tax laws mein nayi tabdeeliyan aai hain; late filing par penalty Rs. 25,000 tak ja sakti hai.
Hum aap ki service ke liye available hain — abhi contact karein aur filing complete karein.

JazakAllah Khair,
Salah Ud Din Siddiqui
📞 0317-5211546
C/O Ehtasham Ud Din Siddiqui
📞 0336-0015004
brandex.pk"
262,"Assalam-o-Alaikum,

Dear Client,
Tax Year 2026 ki Tax Return filing open ho gayi hai. Hum chahte hain ke aap ki Tax Return starting mein hi file kar di jaye, taake tamam details ko properly check kiya ja sake.
Tax laws mein nayi tabdeeliyan aai hain; late filing par penalty Rs. 25,000 tak ja sakti hai.
Hum aap ki service ke liye available hain — abhi contact karein aur filing complete karein.

Shukriya aur Dua Guzar,
Salah Ud Din Siddiqui
📞 0317-5211546
C/O Ehtasham Ud Din Siddiqui
📞 0336-0015004
brandex.pk"
263,"Assalam-o-Alaikum,

Dear Client,
Tax Year 2026 ki Tax Return filing open ho gayi hai. Hum chahte hain ke aap ki Tax Return starting mein hi file kar di jaye, taake tamam details ko properly check kiya ja sake.
Tax laws mein nayi tabdeeliyan aai hain; late filing par penalty Rs. 25,000 tak ja sakti hai.
Hum aap ki service ke liye available hain — abhi contact karein aur filing complete karein.

Mumnan,
Salah Ud Din Siddiqui
📞 0317-5211546
C/O Ehtasham Ud Din Siddiqui
📞 0336-0015004
brandex.pk"
264,"Assalam-o-Alaikum,

Dear Client,
Tax Year 2026 ki Tax Return filing open ho gayi hai. Hum chahte hain ke aap ki Tax Return starting mein hi file kar di jaye, taake tamam details ko properly check kiya ja sake.
Tax laws mein nayi tabdeeliyan aai hain; late filing par penalty Rs. 25,000 tak ja sakti hai.
Hum aap ki service ke liye available hain — abhi contact karein aur filing complete karein.

Khuda Hafiz,
Salah Ud Din Siddiqui
📞 0317-5211546
C/O Ehtasham Ud Din Siddiqui
📞 0336-0015004
brandex.pk"
265,"Assalam-o-Alaikum,

Dear Client,
Tax Year 2026 ki Tax Return filing open ho gayi hai. Hum chahte hain ke aap ki Tax Return starting mein hi file kar di jaye, taake tamam details ko properly check kiya ja sake.
Tax laws mein nayi tabdeeliyan aai hain; late filing par penalty Rs. 25,000 tak ja sakti hai.
Der na karein, hum se rabta karein aur apni Tax Return 2026 abhi file karwa lein.

Regards,
Salah Ud Din Siddiqui
📞 0317-5211546
C/O Ehtasham Ud Din Siddiqui
📞 0336-0015004
brandex.pk"
266,"Assalam-o-Alaikum,

Dear Client,
Tax Year 2026 ki Tax Return filing open ho gayi hai. Hum chahte hain ke aap ki Tax Return starting mein hi file kar di jaye, taake tamam details ko properly check kiya ja sake.
Tax laws mein nayi tabdeeliyan aai hain; late filing par penalty Rs. 25,000 tak ja sakti hai.
Der na karein, hum se rabta karein aur apni Tax Return 2026 abhi file karwa lein.

Shukriya,
Salah Ud Din Siddiqui
📞 0317-5211546
C/O Ehtasham Ud Din Siddiqui
📞 0336-0015004
brandex.pk"
267,"Assalam-o-Alaikum,

Dear Client,
Tax Year 2026 ki Tax Return filing open ho gayi hai. Hum chahte hain ke aap ki Tax Return starting mein hi file kar di jaye, taake tamam details ko properly check kiya ja sake.
Tax laws mein nayi tabdeeliyan aai hain; late filing par penalty Rs. 25,000 tak ja sakti hai.
Der na karein, hum se rabta karein aur apni Tax Return 2026 abhi file karwa lein.

JazakAllah Khair,
Salah Ud Din Siddiqui
📞 0317-5211546
C/O Ehtasham Ud Din Siddiqui
📞 0336-0015004
brandex.pk"
268,"Assalam-o-Alaikum,

Dear Client,
Tax Year 2026 ki Tax Return filing open ho gayi hai. Hum chahte hain ke aap ki Tax Return starting mein hi file kar di jaye, taake tamam details ko properly check kiya ja sake.
Tax laws mein nayi tabdeeliyan aai hain; late filing par penalty Rs. 25,000 tak ja sakti hai.
Der na karein, hum se rabta karein aur apni Tax Return 2026 abhi file karwa lein.

Shukriya aur Dua Guzar,
Salah Ud Din Siddiqui
📞 0317-5211546
C/O Ehtasham Ud Din Siddiqui
📞 0336-0015004
brandex.pk"
269,"Assalam-o-Alaikum,

Dear Client,
Tax Year 2026 ki Tax Return filing open ho gayi hai. Hum chahte hain ke aap ki Tax Return starting mein hi file kar di jaye, taake tamam details ko properly check kiya ja sake.
Tax laws mein nayi tabdeeliyan aai hain; late filing par penalty Rs. 25,000 tak ja sakti hai.
Der na karein, hum se rabta karein aur apni Tax Return 2026 abhi file karwa lein.

Mumnan,
Salah Ud Din Siddiqui
📞 0317-5211546
C/O Ehtasham Ud Din Siddiqui
📞 0336-0015004
brandex.pk"
270,"Assalam-o-Alaikum,

Dear Client,
Tax Year 2026 ki Tax Return filing open ho gayi hai. Hum chahte hain ke aap ki Tax Return starting mein hi file kar di jaye, taake tamam details ko properly check kiya ja sake.
Tax laws mein nayi tabdeeliyan aai hain; late filing par penalty Rs. 25,000 tak ja sakti hai.
Der na karein, hum se rabta karein aur apni Tax Return 2026 abhi file karwa lein.

Khuda Hafiz,
Salah Ud Din Siddiqui
📞 0317-5211546
C/O Ehtasham Ud Din Siddiqui
📞 0336-0015004
brandex.pk"
271,"Assalam-o-Alaikum,

Dear Client,
Tax Year 2026 ki Tax Return filing open ho gayi hai. Hum chahte hain ke aap ki Tax Return starting mein hi file kar di jaye, taake tamam details ko properly check kiya ja sake.
Yaad rahe ke is saal late filing par heavy penalty hai — Rs. 25,000 tak individual ko dena par sakta hai.
Is liye behtar hai ke hum aap ki Tax Return 2026 ki filing abhi kar dein.

Regards,
Salah Ud Din Siddiqui
📞 0317-5211546
C/O Ehtasham Ud Din Siddiqui
📞 0336-0015004
brandex.pk"
272,"Assalam-o-Alaikum,

Dear Client,
Tax Year 2026 ki Tax Return filing open ho gayi hai. Hum chahte hain ke aap ki Tax Return starting mein hi file kar di jaye, taake tamam details ko properly check kiya ja sake.
Yaad rahe ke is saal late filing par heavy penalty hai — Rs. 25,000 tak individual ko dena par sakta hai.
Is liye behtar hai ke hum aap ki Tax Return 2026 ki filing abhi kar dein.

Shukriya,
Salah Ud Din Siddiqui
📞 0317-5211546
C/O Ehtasham Ud Din Siddiqui
📞 0336-0015004
brandex.pk"
273,"Assalam-o-Alaikum,

Dear Client,
Tax Year 2026 ki Tax Return filing open ho gayi hai. Hum chahte hain ke aap ki Tax Return starting mein hi file kar di jaye, taake tamam details ko properly check kiya ja sake.
Yaad rahe ke is saal late filing par heavy penalty hai — Rs. 25,000 tak individual ko dena par sakta hai.
Is liye behtar hai ke hum aap ki Tax Return 2026 ki filing abhi kar dein.

JazakAllah Khair,
Salah Ud Din Siddiqui
📞 0317-5211546
C/O Ehtasham Ud Din Siddiqui
📞 0336-0015004
brandex.pk"
274,"Assalam-o-Alaikum,

Dear Client,
Tax Year 2026 ki Tax Return filing open ho gayi hai. Hum chahte hain ke aap ki Tax Return starting mein hi file kar di jaye, taake tamam details ko properly check kiya ja sake.
Yaad rahe ke is saal late filing par heavy penalty hai — Rs. 25,000 tak individual ko dena par sakta hai.
Is liye behtar hai ke hum aap ki Tax Return 2026 ki filing abhi kar dein.

Shukriya aur Dua Guzar,
Salah Ud Din Siddiqui
📞 0317-5211546
C/O Ehtasham Ud Din Siddiqui
📞 0336-0015004
brandex.pk"
275,"Assalam-o-Alaikum,

Dear Client,
Tax Year 2026 ki Tax Return filing open ho gayi hai. Hum chahte hain ke aap ki Tax Return starting mein hi file kar di jaye, taake tamam details ko properly check kiya ja sake.
Yaad rahe ke is saal late filing par heavy penalty hai — Rs. 25,000 tak individual ko dena par sakta hai.
Is liye behtar hai ke hum aap ki Tax Return 2026 ki filing abhi kar dein.

Mumnan,
Salah Ud Din Siddiqui
📞 0317-5211546
C/O Ehtasham Ud Din Siddiqui
📞 0336-0015004
brandex.pk"
276,"Assalam-o-Alaikum,

Dear Client,
Tax Year 2026 ki Tax Return filing open ho gayi hai. Hum chahte hain ke aap ki Tax Return starting mein hi file kar di jaye, taake tamam details ko properly check kiya ja sake.
Yaad rahe ke is saal late filing par heavy penalty hai — Rs. 25,000 tak individual ko dena par sakta hai.
Is liye behtar hai ke hum aap ki Tax Return 2026 ki filing abhi kar dein.

Khuda Hafiz,
Salah Ud Din Siddiqui
📞 0317-5211546
C/O Ehtasham Ud Din Siddiqui
📞 0336-0015004
brandex.pk"
277,"Assalam-o-Alaikum,

Dear Client,
Tax Year 2026 ki Tax Return filing open ho gayi hai. Hum chahte hain ke aap ki Tax Return starting mein hi file kar di jaye, taake tamam details ko properly check kiya ja sake.
Yaad rahe ke is saal late filing par heavy penalty hai — Rs. 25,000 tak individual ko dena par sakta hai.
Aaj hi apni Tax Return 2026 file karwayein aur fikar se azad ho jayein.

Regards,
Salah Ud Din Siddiqui
📞 0317-5211546
C/O Ehtasham Ud Din Siddiqui
📞 0336-0015004
brandex.pk"
278,"Assalam-o-Alaikum,

Dear Client,
Tax Year 2026 ki Tax Return filing open ho gayi hai. Hum chahte hain ke aap ki Tax Return starting mein hi file kar di jaye, taake tamam details ko properly check kiya ja sake.
Yaad rahe ke is saal late filing par heavy penalty hai — Rs. 25,000 tak individual ko dena par sakta hai.
Aaj hi apni Tax Return 2026 file karwayein aur fikar se azad ho jayein.

Shukriya,
Salah Ud Din Siddiqui
📞 0317-5211546
C/O Ehtasham Ud Din Siddiqui
📞 0336-0015004
brandex.pk"
279,"Assalam-o-Alaikum,

Dear Client,
Tax Year 2026 ki Tax Return filing open ho gayi hai. Hum chahte hain ke aap ki Tax Return starting mein hi file kar di jaye, taake tamam details ko properly check kiya ja sake.
Yaad rahe ke is saal late filing par heavy penalty hai — Rs. 25,000 tak individual ko dena par sakta hai.
Aaj hi apni Tax Return 2026 file karwayein aur fikar se azad ho jayein.

JazakAllah Khair,
Salah Ud Din Siddiqui
📞 0317-5211546
C/O Ehtasham Ud Din Siddiqui
📞 0336-0015004
brandex.pk"
280,"Assalam-o-Alaikum,

Dear Client,
Tax Year 2026 ki Tax Return filing open ho gayi hai. Hum chahte hain ke aap ki Tax Return starting mein hi file kar di jaye, taake tamam details ko properly check kiya ja sake.
Yaad rahe ke is saal late filing par heavy penalty hai — Rs. 25,000 tak individual ko dena par sakta hai.
Aaj hi apni Tax Return 2026 file karwayein aur fikar se azad ho jayein.

Shukriya aur Dua Guzar,
Salah Ud Din Siddiqui
📞 0317-5211546
C/O Ehtasham Ud Din Siddiqui
📞 0336-0015004
brandex.pk"
281,"Assalam-o-Alaikum,

Dear Client,
Tax Year 2026 ki Tax Return filing open ho gayi hai. Hum chahte hain ke aap ki Tax Return starting mein hi file kar di jaye, taake tamam details ko properly check kiya ja sake.
Yaad rahe ke is saal late filing par heavy penalty hai — Rs. 25,000 tak individual ko dena par sakta hai.
Aaj hi apni Tax Return 2026 file karwayein aur fikar se azad ho jayein.

Mumnan,
Salah Ud Din Siddiqui
📞 0317-5211546
C/O Ehtasham Ud Din Siddiqui
📞 0336-0015004
brandex.pk"
282,"Assalam-o-Alaikum,

Dear Client,
Tax Year 2026 ki Tax Return filing open ho gayi hai. Hum chahte hain ke aap ki Tax Return starting mein hi file kar di jaye, taake tamam details ko properly check kiya ja sake.
Yaad rahe ke is saal late filing par heavy penalty hai — Rs. 25,000 tak individual ko dena par sakta hai.
Aaj hi apni Tax Return 2026 file karwayein aur fikar se azad ho jayein.

Khuda Hafiz,
Salah Ud Din Siddiqui
📞 0317-5211546
C/O Ehtasham Ud Din Siddiqui
📞 0336-0015004
brandex.pk"
283,"Assalam-o-Alaikum,

Dear Client,
Tax Year 2026 ki Tax Return filing open ho gayi hai. Hum chahte hain ke aap ki Tax Return starting mein hi file kar di jaye, taake tamam details ko properly check kiya ja sake.
Yaad rahe ke is saal late filing par heavy penalty hai — Rs. 25,000 tak individual ko dena par sakta hai.
Isliye hum aap se guzarish karte hain ke filing mein der na karein.

Regards,
Salah Ud Din Siddiqui
📞 0317-5211546
C/O Ehtasham Ud Din Siddiqui
📞 0336-0015004
brandex.pk"
284,"Assalam-o-Alaikum,

Dear Client,
Tax Year 2026 ki Tax Return filing open ho gayi hai. Hum chahte hain ke aap ki Tax Return starting mein hi file kar di jaye, taake tamam details ko properly check kiya ja sake.
Yaad rahe ke is saal late filing par heavy penalty hai — Rs. 25,000 tak individual ko dena par sakta hai.
Isliye hum aap se guzarish karte hain ke filing mein der na karein.

Shukriya,
Salah Ud Din Siddiqui
📞 0317-5211546
C/O Ehtasham Ud Din Siddiqui
📞 0336-0015004
brandex.pk"
285,"Assalam-o-Alaikum,

Dear Client,
Tax Year 2026 ki Tax Return filing open ho gayi hai. Hum chahte hain ke aap ki Tax Return starting mein hi file kar di jaye, taake tamam details ko properly check kiya ja sake.
Yaad rahe ke is saal late filing par heavy penalty hai — Rs. 25,000 tak individual ko dena par sakta hai.
Isliye hum aap se guzarish karte hain ke filing mein der na karein.

JazakAllah Khair,
Salah Ud Din Siddiqui
📞 0317-5211546
C/O Ehtasham Ud Din Siddiqui
📞 0336-0015004
brandex.pk"
286,"Assalam-o-Alaikum,

Dear Client,
Tax Year 2026 ki Tax Return filing open ho gayi hai. Hum chahte hain ke aap ki Tax Return starting mein hi file kar di jaye, taake tamam details ko properly check kiya ja sake.
Yaad rahe ke is saal late filing par heavy penalty hai — Rs. 25,000 tak individual ko dena par sakta hai.
Isliye hum aap se guzarish karte hain ke filing mein der na karein.

Shukriya aur Dua Guzar,
Salah Ud Din Siddiqui
📞 0317-5211546
C/O Ehtasham Ud Din Siddiqui
📞 0336-0015004
brandex.pk"
287,"Assalam-o-Alaikum,

Dear Client,
Tax Year 2026 ki Tax Return filing open ho gayi hai. Hum chahte hain ke aap ki Tax Return starting mein hi file kar di jaye, taake tamam details ko properly check kiya ja sake.
Yaad rahe ke is saal late filing par heavy penalty hai — Rs. 25,000 tak individual ko dena par sakta hai.
Isliye hum aap se guzarish karte hain ke filing mein der na karein.

Mumnan,
Salah Ud Din Siddiqui
📞 0317-5211546
C/O Ehtasham Ud Din Siddiqui
📞 0336-0015004
brandex.pk"
288,"Assalam-o-Alaikum,

Dear Client,
Tax Year 2026 ki Tax Return filing open ho gayi hai. Hum chahte hain ke aap ki Tax Return starting mein hi file kar di jaye, taake tamam details ko properly check kiya ja sake.
Yaad rahe ke is saal late filing par heavy penalty hai — Rs. 25,000 tak individual ko dena par sakta hai.
Isliye hum aap se guzarish karte hain ke filing mein der na karein.

Khuda Hafiz,
Salah Ud Din Siddiqui
📞 0317-5211546
C/O Ehtasham Ud Din Siddiqui
📞 0336-0015004
brandex.pk"
289,"Assalam-o-Alaikum,

Dear Client,
Tax Year 2026 ki Tax Return filing open ho gayi hai. Hum chahte hain ke aap ki Tax Return starting mein hi file kar di jaye, taake tamam details ko properly check kiya ja sake.
Yaad rahe ke is saal late filing par heavy penalty hai — Rs. 25,000 tak individual ko dena par sakta hai.
Hum aap ki madad ke liye tayar hain — abhi batayein aur return file kar dete hain.

Regards,
Salah Ud Din Siddiqui
📞 0317-5211546
C/O Ehtasham Ud Din Siddiqui
📞 0336-0015004
brandex.pk"
290,"Assalam-o-Alaikum,

Dear Client,
Tax Year 2026 ki Tax Return filing open ho gayi hai. Hum chahte hain ke aap ki Tax Return starting mein hi file kar di jaye, taake tamam details ko properly check kiya ja sake.
Yaad rahe ke is saal late filing par heavy penalty hai — Rs. 25,000 tak individual ko dena par sakta hai.
Hum aap ki madad ke liye tayar hain — abhi batayein aur return file kar dete hain.

Shukriya,
Salah Ud Din Siddiqui
📞 0317-5211546
C/O Ehtasham Ud Din Siddiqui
📞 0336-0015004
brandex.pk"
291,"Assalam-o-Alaikum,

Dear Client,
Tax Year 2026 ki Tax Return filing open ho gayi hai. Hum chahte hain ke aap ki Tax Return starting mein hi file kar di jaye, taake tamam details ko properly check kiya ja sake.
Yaad rahe ke is saal late filing par heavy penalty hai — Rs. 25,000 tak individual ko dena par sakta hai.
Hum aap ki madad ke liye tayar hain — abhi batayein aur return file kar dete hain.

JazakAllah Khair,
Salah Ud Din Siddiqui
📞 0317-5211546
C/O Ehtasham Ud Din Siddiqui
📞 0336-0015004
brandex.pk"
292,"Assalam-o-Alaikum,

Dear Client,
Tax Year 2026 ki Tax Return filing open ho gayi hai. Hum chahte hain ke aap ki Tax Return starting mein hi file kar di jaye, taake tamam details ko properly check kiya ja sake.
Yaad rahe ke is saal late filing par heavy penalty hai — Rs. 25,000 tak individual ko dena par sakta hai.
Hum aap ki madad ke liye tayar hain — abhi batayein aur return file kar dete hain.

Shukriya aur Dua Guzar,
Salah Ud Din Siddiqui
📞 0317-5211546
C/O Ehtasham Ud Din Siddiqui
📞 0336-0015004
brandex.pk"
293,"Assalam-o-Alaikum,

Dear Client,
Tax Year 2026 ki Tax Return filing open ho gayi hai. Hum chahte hain ke aap ki Tax Return starting mein hi file kar di jaye, taake tamam details ko properly check kiya ja sake.
Yaad rahe ke is saal late filing par heavy penalty hai — Rs. 25,000 tak individual ko dena par sakta hai.
Hum aap ki madad ke liye tayar hain — abhi batayein aur return file kar dete hain.

Mumnan,
Salah Ud Din Siddiqui
📞 0317-5211546
C/O Ehtasham Ud Din Siddiqui
📞 0336-0015004
brandex.pk"
294,"Assalam-o-Alaikum,

Dear Client,
Tax Year 2026 ki Tax Return filing open ho gayi hai. Hum chahte hain ke aap ki Tax Return starting mein hi file kar di jaye, taake tamam details ko properly check kiya ja sake.
Yaad rahe ke is saal late filing par heavy penalty hai — Rs. 25,000 tak individual ko dena par sakta hai.
Hum aap ki madad ke liye tayar hain — abhi batayein aur return file kar dete hain.

Khuda Hafiz,
Salah Ud Din Siddiqui
📞 0317-5211546
C/O Ehtasham Ud Din Siddiqui
📞 0336-0015004
brandex.pk"
295,"Assalam-o-Alaikum,

Dear Client,
Tax Year 2026 ki Tax Return filing open ho gayi hai. Hum chahte hain ke aap ki Tax Return starting mein hi file kar di jaye, taake tamam details ko properly check kiya ja sake.
Yaad rahe ke is saal late filing par heavy penalty hai — Rs. 25,000 tak individual ko dena par sakta hai.
Behtar yahi hoga ke hum abhi filing complete kar lein, taake baad mein koi tension na ho.

Regards,
Salah Ud Din Siddiqui
📞 0317-5211546
C/O Ehtasham Ud Din Siddiqui
📞 0336-0015004
brandex.pk"
296,"Assalam-o-Alaikum,

Dear Client,
Tax Year 2026 ki Tax Return filing open ho gayi hai. Hum chahte hain ke aap ki Tax Return starting mein hi file kar di jaye, taake tamam details ko properly check kiya ja sake.
Yaad rahe ke is saal late filing par heavy penalty hai — Rs. 25,000 tak individual ko dena par sakta hai.
Behtar yahi hoga ke hum abhi filing complete kar lein, taake baad mein koi tension na ho.

Shukriya,
Salah Ud Din Siddiqui
📞 0317-5211546
C/O Ehtasham Ud Din Siddiqui
📞 0336-0015004
brandex.pk"
297,"Assalam-o-Alaikum,

Dear Client,
Tax Year 2026 ki Tax Return filing open ho gayi hai. Hum chahte hain ke aap ki Tax Return starting mein hi file kar di jaye, taake tamam details ko properly check kiya ja sake.
Yaad rahe ke is saal late filing par heavy penalty hai — Rs. 25,000 tak individual ko dena par sakta hai.
Behtar yahi hoga ke hum abhi filing complete kar lein, taake baad mein koi tension na ho.

JazakAllah Khair,
Salah Ud Din Siddiqui
📞 0317-5211546
C/O Ehtasham Ud Din Siddiqui
📞 0336-0015004
brandex.pk"
298,"Assalam-o-Alaikum,

Dear Client,
Tax Year 2026 ki Tax Return filing open ho gayi hai. Hum chahte hain ke aap ki Tax Return starting mein hi file kar di jaye, taake tamam details ko properly check kiya ja sake.
Yaad rahe ke is saal late filing par heavy penalty hai — Rs. 25,000 tak individual ko dena par sakta hai.
Behtar yahi hoga ke hum abhi filing complete kar lein, taake baad mein koi tension na ho.

Shukriya aur Dua Guzar,
Salah Ud Din Siddiqui
📞 0317-5211546
C/O Ehtasham Ud Din Siddiqui
📞 0336-0015004
brandex.pk"
299,"Assalam-o-Alaikum,

Dear Client,
Tax Year 2026 ki Tax Return filing open ho gayi hai. Hum chahte hain ke aap ki Tax Return starting mein hi file kar di jaye, taake tamam details ko properly check kiya ja sake.
Yaad rahe ke is saal late filing par heavy penalty hai — Rs. 25,000 tak individual ko dena par sakta hai.
Behtar yahi hoga ke hum abhi filing complete kar lein, taake baad mein koi tension na ho.

Mumnan,
Salah Ud Din Siddiqui
📞 0317-5211546
C/O Ehtasham Ud Din Siddiqui
📞 0336-0015004
brandex.pk"
300,"Assalam-o-Alaikum,

Dear Client,
Tax Year 2026 ki Tax Return filing open ho gayi hai. Hum chahte hain ke aap ki Tax Return starting mein hi file kar di jaye, taake tamam details ko properly check kiya ja sake.
Yaad rahe ke is saal late filing par heavy penalty hai — Rs. 25,000 tak individual ko dena par sakta hai.
Behtar yahi hoga ke hum abhi filing complete kar lein, taake baad mein koi tension na ho.

Khuda Hafiz,
Salah Ud Din Siddiqui
📞 0317-5211546
C/O Ehtasham Ud Din Siddiqui
📞 0336-0015004
brandex.pk"
301,"Assalam-o-Alaikum,

Dear Client,
Tax Year 2026 ki Tax Return filing open ho gayi hai. Hum chahte hain ke aap ki Tax Return starting mein hi file kar di jaye, taake tamam details ko properly check kiya ja sake.
Yaad rahe ke is saal late filing par heavy penalty hai — Rs. 25,000 tak individual ko dena par sakta hai.
Apni Tax Return 2026 jaldi file karwa lein — hum poori madad karenge.

Regards,
Salah Ud Din Siddiqui
📞 0317-5211546
C/O Ehtasham Ud Din Siddiqui
📞 0336-0015004
brandex.pk"
302,"Assalam-o-Alaikum,

Dear Client,
Tax Year 2026 ki Tax Return filing open ho gayi hai. Hum chahte hain ke aap ki Tax Return starting mein hi file kar di jaye, taake tamam details ko properly check kiya ja sake.
Yaad rahe ke is saal late filing par heavy penalty hai — Rs. 25,000 tak individual ko dena par sakta hai.
Apni Tax Return 2026 jaldi file karwa lein — hum poori madad karenge.

Shukriya,
Salah Ud Din Siddiqui
📞 0317-5211546
C/O Ehtasham Ud Din Siddiqui
📞 0336-0015004
brandex.pk"
303,"Assalam-o-Alaikum,

Dear Client,
Tax Year 2026 ki Tax Return filing open ho gayi hai. Hum chahte hain ke aap ki Tax Return starting mein hi file kar di jaye, taake tamam details ko properly check kiya ja sake.
Yaad rahe ke is saal late filing par heavy penalty hai — Rs. 25,000 tak individual ko dena par sakta hai.
Apni Tax Return 2026 jaldi file karwa lein — hum poori madad karenge.

JazakAllah Khair,
Salah Ud Din Siddiqui
📞 0317-5211546
C/O Ehtasham Ud Din Siddiqui
📞 0336-0015004
brandex.pk"
304,"Assalam-o-Alaikum,

Dear Client,
Tax Year 2026 ki Tax Return filing open ho gayi hai. Hum chahte hain ke aap ki Tax Return starting mein hi file kar di jaye, taake tamam details ko properly check kiya ja sake.
Yaad rahe ke is saal late filing par heavy penalty hai — Rs. 25,000 tak individual ko dena par sakta hai.
Apni Tax Return 2026 jaldi file karwa lein — hum poori madad karenge.

Shukriya aur Dua Guzar,
Salah Ud Din Siddiqui
📞 0317-5211546
C/O Ehtasham Ud Din Siddiqui
📞 0336-0015004
brandex.pk"
305,"Assalam-o-Alaikum,

Dear Client,
Tax Year 2026 ki Tax Return filing open ho gayi hai. Hum chahte hain ke aap ki Tax Return starting mein hi file kar di jaye, taake tamam details ko properly check kiya ja sake.
Yaad rahe ke is saal late filing par heavy penalty hai — Rs. 25,000 tak individual ko dena par sakta hai.
Apni Tax Return 2026 jaldi file karwa lein — hum poori madad karenge.

Mumnan,
Salah Ud Din Siddiqui
📞 0317-5211546
C/O Ehtasham Ud Din Siddiqui
📞 0336-0015004
brandex.pk"
306,"Assalam-o-Alaikum,

Dear Client,
Tax Year 2026 ki Tax Return filing open ho gayi hai. Hum chahte hain ke aap ki Tax Return starting mein hi file kar di jaye, taake tamam details ko properly check kiya ja sake.
Yaad rahe ke is saal late filing par heavy penalty hai — Rs. 25,000 tak individual ko dena par sakta hai.
Apni Tax Return 2026 jaldi file karwa lein — hum poori madad karenge.

Khuda Hafiz,
Salah Ud Din Siddiqui
📞 0317-5211546
C/O Ehtasham Ud Din Siddiqui
📞 0336-0015004
brandex.pk"
307,"Assalam-o-Alaikum,

Dear Client,
Tax Year 2026 ki Tax Return filing open ho gayi hai. Hum chahte hain ke aap ki Tax Return starting mein hi file kar di jaye, taake tamam details ko properly check kiya ja sake.
Yaad rahe ke is saal late filing par heavy penalty hai — Rs. 25,000 tak individual ko dena par sakta hai.
Please jald se jald humse rabta karein taake aap ki return time par file ho sake.

Regards,
Salah Ud Din Siddiqui
📞 0317-5211546
C/O Ehtasham Ud Din Siddiqui
📞 0336-0015004
brandex.pk"
308,"Assalam-o-Alaikum,

Dear Client,
Tax Year 2026 ki Tax Return filing open ho gayi hai. Hum chahte hain ke aap ki Tax Return starting mein hi file kar di jaye, taake tamam details ko properly check kiya ja sake.
Yaad rahe ke is saal late filing par heavy penalty hai — Rs. 25,000 tak individual ko dena par sakta hai.
Please jald se jald humse rabta karein taake aap ki return time par file ho sake.

Shukriya,
Salah Ud Din Siddiqui
📞 0317-5211546
C/O Ehtasham Ud Din Siddiqui
📞 0336-0015004
brandex.pk"
309,"Assalam-o-Alaikum,

Dear Client,
Tax Year 2026 ki Tax Return filing open ho gayi hai. Hum chahte hain ke aap ki Tax Return starting mein hi file kar di jaye, taake tamam details ko properly check kiya ja sake.
Yaad rahe ke is saal late filing par heavy penalty hai — Rs. 25,000 tak individual ko dena par sakta hai.
Please jald se jald humse rabta karein taake aap ki return time par file ho sake.

JazakAllah Khair,
Salah Ud Din Siddiqui
📞 0317-5211546
C/O Ehtasham Ud Din Siddiqui
📞 0336-0015004
brandex.pk"
310,"Assalam-o-Alaikum,

Dear Client,
Tax Year 2026 ki Tax Return filing open ho gayi hai. Hum chahte hain ke aap ki Tax Return starting mein hi file kar di jaye, taake tamam details ko properly check kiya ja sake.
Yaad rahe ke is saal late filing par heavy penalty hai — Rs. 25,000 tak individual ko dena par sakta hai.
Please jald se jald humse rabta karein taake aap ki return time par file ho sake.

Shukriya aur Dua Guzar,
Salah Ud Din Siddiqui
📞 0317-5211546
C/O Ehtasham Ud Din Siddiqui
📞 0336-0015004
brandex.pk"
311,"Assalam-o-Alaikum,

Dear Client,
Tax Year 2026 ki Tax Return filing open ho gayi hai. Hum chahte hain ke aap ki Tax Return starting mein hi file kar di jaye, taake tamam details ko properly check kiya ja sake.
Yaad rahe ke is saal late filing par heavy penalty hai — Rs. 25,000 tak individual ko dena par sakta hai.
Please jald se jald humse rabta karein taake aap ki return time par file ho sake.

Mumnan,
Salah Ud Din Siddiqui
📞 0317-5211546
C/O Ehtasham Ud Din Siddiqui
📞 0336-0015004
brandex.pk"
312,"Assalam-o-Alaikum,

Dear Client,
Tax Year 2026 ki Tax Return filing open ho gayi hai. Hum chahte hain ke aap ki Tax Return starting mein hi file kar di jaye, taake tamam details ko properly check kiya ja sake.
Yaad rahe ke is saal late filing par heavy penalty hai — Rs. 25,000 tak individual ko dena par sakta hai.
Please jald se jald humse rabta karein taake aap ki return time par file ho sake.

Khuda Hafiz,
Salah Ud Din Siddiqui
📞 0317-5211546
C/O Ehtasham Ud Din Siddiqui
📞 0336-0015004
brandex.pk"
313,"Assalam-o-Alaikum,

Dear Client,
Tax Year 2026 ki Tax Return filing open ho gayi hai. Hum chahte hain ke aap ki Tax Return starting mein hi file kar di jaye, taake tamam details ko properly check kiya ja sake.
Yaad rahe ke is saal late filing par heavy penalty hai — Rs. 25,000 tak individual ko dena par sakta hai.
Hum aap ki service ke liye available hain — abhi contact karein aur filing complete karein.

Regards,
Salah Ud Din Siddiqui
📞 0317-5211546
C/O Ehtasham Ud Din Siddiqui
📞 0336-0015004
brandex.pk"
314,"Assalam-o-Alaikum,

Dear Client,
Tax Year 2026 ki Tax Return filing open ho gayi hai. Hum chahte hain ke aap ki Tax Return starting mein hi file kar di jaye, taake tamam details ko properly check kiya ja sake.
Yaad rahe ke is saal late filing par heavy penalty hai — Rs. 25,000 tak individual ko dena par sakta hai.
Hum aap ki service ke liye available hain — abhi contact karein aur filing complete karein.

Shukriya,
Salah Ud Din Siddiqui
📞 0317-5211546
C/O Ehtasham Ud Din Siddiqui
📞 0336-0015004
brandex.pk"
315,"Assalam-o-Alaikum,

Dear Client,
Tax Year 2026 ki Tax Return filing open ho gayi hai. Hum chahte hain ke aap ki Tax Return starting mein hi file kar di jaye, taake tamam details ko properly check kiya ja sake.
Yaad rahe ke is saal late filing par heavy penalty hai — Rs. 25,000 tak individual ko dena par sakta hai.
Hum aap ki service ke liye available hain — abhi contact karein aur filing complete karein.

JazakAllah Khair,
Salah Ud Din Siddiqui
📞 0317-5211546
C/O Ehtasham Ud Din Siddiqui
📞 0336-0015004
brandex.pk"
316,"Assalam-o-Alaikum,

Dear Client,
Tax Year 2026 ki Tax Return filing open ho gayi hai. Hum chahte hain ke aap ki Tax Return starting mein hi file kar di jaye, taake tamam details ko properly check kiya ja sake.
Yaad rahe ke is saal late filing par heavy penalty hai — Rs. 25,000 tak individual ko dena par sakta hai.
Hum aap ki service ke liye available hain — abhi contact karein aur filing complete karein.

Shukriya aur Dua Guzar,
Salah Ud Din Siddiqui
📞 0317-5211546
C/O Ehtasham Ud Din Siddiqui
📞 0336-0015004
brandex.pk"
317,"Assalam-o-Alaikum,

Dear Client,
Tax Year 2026 ki Tax Return filing open ho gayi hai. Hum chahte hain ke aap ki Tax Return starting mein hi file kar di jaye, taake tamam details ko properly check kiya ja sake.
Yaad rahe ke is saal late filing par heavy penalty hai — Rs. 25,000 tak individual ko dena par sakta hai.
Hum aap ki service ke liye available hain — abhi contact karein aur filing complete karein.

Mumnan,
Salah Ud Din Siddiqui
📞 0317-5211546
C/O Ehtasham Ud Din Siddiqui
📞 0336-0015004
brandex.pk"
318,"Assalam-o-Alaikum,

Dear Client,
Tax Year 2026 ki Tax Return filing open ho gayi hai. Hum chahte hain ke aap ki Tax Return starting mein hi file kar di jaye, taake tamam details ko properly check kiya ja sake.
Yaad rahe ke is saal late filing par heavy penalty hai — Rs. 25,000 tak individual ko dena par sakta hai.
Hum aap ki service ke liye available hain — abhi contact karein aur filing complete karein.

Khuda Hafiz,
Salah Ud Din Siddiqui
📞 0317-5211546
C/O Ehtasham Ud Din Siddiqui
📞 0336-0015004
brandex.pk"
319,"Assalam-o-Alaikum,

Dear Client,
Tax Year 2026 ki Tax Return filing open ho gayi hai. Hum chahte hain ke aap ki Tax Return starting mein hi file kar di jaye, taake tamam details ko properly check kiya ja sake.
Yaad rahe ke is saal late filing par heavy penalty hai — Rs. 25,000 tak individual ko dena par sakta hai.
Der na karein, hum se rabta karein aur apni Tax Return 2026 abhi file karwa lein.

Regards,
Salah Ud Din Siddiqui
📞 0317-5211546
C/O Ehtasham Ud Din Siddiqui
📞 0336-0015004
brandex.pk"
320,"Assalam-o-Alaikum,

Dear Client,
Tax Year 2026 ki Tax Return filing open ho gayi hai. Hum chahte hain ke aap ki Tax Return starting mein hi file kar di jaye, taake tamam details ko properly check kiya ja sake.
Yaad rahe ke is saal late filing par heavy penalty hai — Rs. 25,000 tak individual ko dena par sakta hai.
Der na karein, hum se rabta karein aur apni Tax Return 2026 abhi file karwa lein.

Shukriya,
Salah Ud Din Siddiqui
📞 0317-5211546
C/O Ehtasham Ud Din Siddiqui
📞 0336-0015004
brandex.pk"
321,"Assalam-o-Alaikum,

Dear Client,
Tax Year 2026 ki Tax Return filing open ho gayi hai. Hum chahte hain ke aap ki Tax Return starting mein hi file kar di jaye, taake tamam details ko properly check kiya ja sake.
Yaad rahe ke is saal late filing par heavy penalty hai — Rs. 25,000 tak individual ko dena par sakta hai.
Der na karein, hum se rabta karein aur apni Tax Return 2026 abhi file karwa lein.

JazakAllah Khair,
Salah Ud Din Siddiqui
📞 0317-5211546
C/O Ehtasham Ud Din Siddiqui
📞 0336-0015004
brandex.pk"
322,"Assalam-o-Alaikum,

Dear Client,
Tax Year 2026 ki Tax Return filing open ho gayi hai. Hum chahte hain ke aap ki Tax Return starting mein hi file kar di jaye, taake tamam details ko properly check kiya ja sake.
Yaad rahe ke is saal late filing par heavy penalty hai — Rs. 25,000 tak individual ko dena par sakta hai.
Der na karein, hum se rabta karein aur apni Tax Return 2026 abhi file karwa lein.

Shukriya aur Dua Guzar,
Salah Ud Din Siddiqui
📞 0317-5211546
C/O Ehtasham Ud Din Siddiqui
📞 0336-0015004
brandex.pk"
323,"Assalam-o-Alaikum,

Dear Client,
Tax Year 2026 ki Tax Return filing open ho gayi hai. Hum chahte hain ke aap ki Tax Return starting mein hi file kar di jaye, taake tamam details ko properly check kiya ja sake.
Yaad rahe ke is saal late filing par heavy penalty hai — Rs. 25,000 tak individual ko dena par sakta hai.
Der na karein, hum se rabta karein aur apni Tax Return 2026 abhi file karwa lein.

Mumnan,
Salah Ud Din Siddiqui
📞 0317-5211546
C/O Ehtasham Ud Din Siddiqui
📞 0336-0015004
brandex.pk"
324,"Assalam-o-Alaikum,

Dear Client,
Tax Year 2026 ki Tax Return filing open ho gayi hai. Hum chahte hain ke aap ki Tax Return starting mein hi file kar di jaye, taake tamam details ko properly check kiya ja sake.
Yaad rahe ke is saal late filing par heavy penalty hai — Rs. 25,000 tak individual ko dena par sakta hai.
Der na karein, hum se rabta karein aur apni Tax Return 2026 abhi file karwa lein.

Khuda Hafiz,
Salah Ud Din Siddiqui
📞 0317-5211546
C/O Ehtasham Ud Din Siddiqui
📞 0336-0015004
brandex.pk"
325,"Assalam-o-Alaikum,

Dear Client,
Tax Year 2026 ki Tax Return filing open ho gayi hai. Hum chahte hain ke aap ki Tax Return starting mein hi file kar di jaye, taake tamam details ko properly check kiya ja sake.
Policies mein changes ke sath late filing ki penalty bhi barh gayi hai — Rs. 25,000 tak ho sakti hai.
Is liye behtar hai ke hum aap ki Tax Return 2026 ki filing abhi kar dein.

Regards,
Salah Ud Din Siddiqui
📞 0317-5211546
C/O Ehtasham Ud Din Siddiqui
📞 0336-0015004
brandex.pk"
326,"Assalam-o-Alaikum,

Dear Client,
Tax Year 2026 ki Tax Return filing open ho gayi hai. Hum chahte hain ke aap ki Tax Return starting mein hi file kar di jaye, taake tamam details ko properly check kiya ja sake.
Policies mein changes ke sath late filing ki penalty bhi barh gayi hai — Rs. 25,000 tak ho sakti hai.
Is liye behtar hai ke hum aap ki Tax Return 2026 ki filing abhi kar dein.

Shukriya,
Salah Ud Din Siddiqui
📞 0317-5211546
C/O Ehtasham Ud Din Siddiqui
📞 0336-0015004
brandex.pk"
327,"Assalam-o-Alaikum,

Dear Client,
Tax Year 2026 ki Tax Return filing open ho gayi hai. Hum chahte hain ke aap ki Tax Return starting mein hi file kar di jaye, taake tamam details ko properly check kiya ja sake.
Policies mein changes ke sath late filing ki penalty bhi barh gayi hai — Rs. 25,000 tak ho sakti hai.
Is liye behtar hai ke hum aap ki Tax Return 2026 ki filing abhi kar dein.

JazakAllah Khair,
Salah Ud Din Siddiqui
📞 0317-5211546
C/O Ehtasham Ud Din Siddiqui
📞 0336-0015004
brandex.pk"
